our_variant_id,gene,in_gene_body,max_quantile,max_raw,n_high_scores,n_scores
chr12_40156522_G_A,LRRK2,False,0.99998,0.73252773,1736,8503
chr12_40266815_A_T,LRRK2,True,0.99998,2.0556288,1672,9295
chr1_155565828_C_G,GBA,False,0.99998,4.081768,3516,62150
chr4_3576950_C_T,HTT,False,0.99998,0.5192807,1054,32054
chr12_40698008_T_G,LRRK2,False,0.99998,1.849905,2816,17006
chr12_40156258_T_A,LRRK2,False,0.99998,3.150525,1806,8503
chr4_90061717_G_A,SNCA,False,0.99998,3.2131262,416,8107
chr1_154839804_C_T,GBA,False,0.99998,0.5595617,6854,61358
chr4_2803127_C_T,HTT,False,0.99998,3.8339496,2484,31262
chr5_71372638_C_A,SMN1,False,0.99998,0.25752974,1830,25718
chr4_89838736_A_G,SNCA,False,0.99998,0.55805683,2191,7711
chr12_40158615_T_C,LRRK2,False,0.99998,1.5961099,3231,8503
chr12_40158462_C_T,LRRK2,False,0.99998,0.66018796,794,8503
chr12_40158454_A_G,LRRK2,False,0.99998,0.7933645,1099,8503
chr4_3478261_T_C,HTT,False,0.9999775,1.8890347,7716,32846
chr1_154867323_A_G,GBA,False,0.999973,2.5310988,9590,59774
chr12_40733961_C_G,LRRK2,False,0.9999704,1.3056436,3204,16214
chr4_3461725_G_A,HTT,False,0.9999704,1.014102,7552,33638
chr12_40738270_C_G,LRRK2,False,0.9999675,2.394618,1444,16214
chr1_155309691_T_G,GBA,False,0.9999636,1.1983461,8678,58982
chr4_89823570_G_A,SNCA,True,0.99996006,1.5549917,3094,8107
chr4_3576776_G_A,HTT,False,0.9999552,2.2824736,2178,32054
chr4_3576716_C_T,HTT,False,0.99994606,0.4709344,1294,32054
chr1_155550353_T_C,GBA,False,0.9999448,2.7614918,3517,62150
chr12_40390860_T_C,LRRK2,False,0.9999422,1.7188296,1382,8899
chr4_2818070_G_A,HTT,False,0.9999422,1.5190134,6980,31262
chr1_155064061_T_A,GBA,False,0.99993944,0.17309046,4806,58982
chr4_89829571_A_G,SNCA,True,0.9999381,0.3781681,1721,8107
chr4_90317344_G_A,SNCA,False,0.99993205,1.4803381,2547,6919
chr12_40688597_A_G,LRRK2,False,0.9999202,1.690716,3270,17006
chr1_155627235_C_T,GBA,False,0.9999202,0.916605,7734,58982
chr4_89848271_A_G,SNCA,False,0.9999164,0.39722538,1300,8107
chr1_155493177_G_A,GBA,False,0.9999164,1.3760281,3438,65318
chr12_40633136_G_T,LRRK2,False,0.99991244,0.95731544,2878,17006
chr12_40158649_C_G,LRRK2,False,0.99991244,1.0433364,1129,8503
chr12_40440417_T_A,LRRK2,False,0.9999104,0.4467249,1402,8899
chr12_40469894_T_C,LRRK2,False,0.9999083,2.0455456,2311,9295
chr12_40031151_T_C,LRRK2,False,0.9999062,2.4774203,1556,10087
chr12_40131517_T_C,LRRK2,False,0.999904,1.671032,785,9691
chr1_154936792_A_G,GBA,False,0.999904,0.15953016,3182,58982
chr4_90108041_T_C,SNCA,False,0.9998971,2.4165106,429,8107
chr1_154859828_T_C,GBA,False,0.99988717,0.5468948,4492,60566
chr1_155652246_C_T,GBA,False,0.9998818,1.2654371,5780,58190
chr4_3577020_C_T,HTT,False,0.99987626,0.11681366,1343,32054
chr4_3450233_C_T,HTT,False,0.9998704,0.39898252,2294,35222
chr12_40675603_A_G,LRRK2,False,0.9998704,1.2712708,1352,17006
chr12_40382419_G_C,LRRK2,False,0.9998674,3.4763317,1073,8899
chr4_3531339_C_T,HTT,False,0.9998611,0.7866111,4118,32054
chr1_155609243_A_T,GBA,False,0.9998611,0.14539146,2602,58982
chr4_3584752_G_A,HTT,False,0.9998611,0.21027422,1860,33638
chr4_3597818_T_G,HTT,False,0.99985784,1.3750639,4114,32846
chr12_40602159_T_C,LRRK2,False,0.99985456,0.5973978,1492,17798
chr4_90155176_T_A,SNCA,False,0.99985117,0.98342633,3192,8107
chr4_3292738_G_A,HTT,False,0.99985117,0.47773457,5224,28886
chr4_89992971_A_C,SNCA,False,0.99984765,1.0068316,1259,8107
chr12_40569508_T_C,LRRK2,False,0.99984765,0.5720601,1704,18590
chr12_40129643_A_G,LRRK2,False,0.99984765,0.6113279,533,9691
chr4_3471912_A_C,HTT,False,0.9998405,1.0013909,4732,32846
chr1_154868040_C_A,GBA,False,0.9998405,0.31207943,4288,59774
chr1_154897076_A_G,GBA,False,0.9998405,1.003571,6302,60566
chr4_90027778_C_A,SNCA,False,0.9998405,0.67443323,543,8107
chr1_155688294_T_C,GBA,False,0.9998405,0.22927284,2340,56606
chr4_90030125_G_A,SNCA,False,0.9998405,1.5453095,404,8107
chr12_40694036_C_G,LRRK2,False,0.9998405,0.18445969,2628,17006
chr1_154969117_C_G,GBA,False,0.99983674,1.0739317,3650,58190
chr5_71175200_T_C,SMN1,False,0.99983674,0.9283829,3960,25718
chr1_154839924_G_C,GBA,False,0.99983674,0.89416504,7030,61358
chr4_89829693_C_T,SNCA,True,0.9998329,0.64875984,1442,8107
chr12_40729883_T_G,LRRK2,False,0.9998329,0.1113615,972,16214
chr1_155255234_G_C,GBA,False,0.99982905,0.21455574,5614,58982
chr4_3202497_G_A,HTT,True,0.99982905,0.79372025,1954,28886
chr12_40673221_T_A,LRRK2,False,0.99982506,0.98565817,974,17006
chr12_40167546_C_G,LRRK2,False,0.999821,0.048518658,314,8503
chr4_90174724_A_G,SNCA,False,0.9998168,1.5227377,1832,8503
chr1_155319754_T_G,GBA,False,0.9998168,1.7343695,4058,58982
chr4_3245374_C_T,HTT,False,0.9998168,0.20295954,1292,29678
chr12_40474965_A_G,LRRK2,False,0.9998168,0.18570137,460,9295
chr4_89836689_T_C,SNCA,True,0.99981254,0.3127103,775,7711
chr4_90333928_C_T,SNCA,False,0.99981254,1.1595423,374,6919
chr4_90042295_A_C,SNCA,False,0.99980366,1.5379901,576,8107
chr12_40368744_T_C,LRRK2,True,0.9997991,0.35034513,531,8899
chr4_3533198_A_G,HTT,False,0.9997991,0.18390656,1946,32054
chr12_40152998_T_A,LRRK2,False,0.9997991,0.41027927,1082,8503
chr12_40161830_A_G,LRRK2,False,0.9997944,0.1644156,349,8503
chr4_3576689_C_T,HTT,False,0.9997944,0.10149288,1572,32054
chr12_40719024_A_G,LRRK2,False,0.9997944,0.32679367,2614,17006
chr4_2818442_C_G,HTT,False,0.9997847,0.6099386,2622,31262
chr4_89836143_A_C,SNCA,True,0.9997847,0.18219805,610,7711
chr1_155321640_C_T,GBA,False,0.9997797,0.09055948,2596,59774
chr12_40193900_T_C,LRRK2,False,0.9997797,0.21991467,810,8899
chr4_3463046_G_T,HTT,False,0.9997797,0.15706635,2676,32846
chr12_40773471_C_A,LRRK2,False,0.9997745,0.6070833,1112,14630
chr12_40452018_A_G,LRRK2,False,0.9997693,1.0204108,668,8899
chr12_40153907_C_T,LRRK2,False,0.9997639,2.2716384,509,8503
chr1_155071721_T_G,GBA,False,0.9997639,0.5014157,5640,58982
chr4_89836694_C_T,SNCA,True,0.99975836,0.13160658,782,7711
chr12_40729546_C_G,LRRK2,False,0.99975276,0.104278564,418,16214
chr12_40387281_C_A,LRRK2,False,0.99975276,1.1802216,925,8899
chr4_3494423_A_G,HTT,False,0.99975276,1.6721787,2624,32054
chr1_154974340_C_T,GBA,False,0.99975276,0.1644907,4096,58190
chr12_40412678_A_C,LRRK2,False,0.99975276,0.6682482,628,8899
chr4_3632190_G_T,HTT,False,0.999747,0.41394138,2766,33638
chr4_3587690_T_A,HTT,False,0.9997411,0.084762335,858,33638
chr4_89745140_G_A,SNCA,True,0.999735,0.20737457,833,8107
chr12_40550955_G_A,LRRK2,False,0.999735,0.11890674,834,18590
chr4_90025514_G_A,SNCA,False,0.999735,1.0583277,674,8107
chr4_2764362_C_T,HTT,False,0.99972886,0.4981923,7028,32054
chr4_3494478_C_T,HTT,False,0.99972886,0.44697618,1996,32054
chr4_3709255_A_G,HTT,False,0.99972886,0.9761317,2730,36014
chr4_89836158_A_G,SNCA,True,0.99972886,0.4327507,813,7711
chr12_40469864_A_C,LRRK2,False,0.9997225,0.56506824,758,9295
chr1_155390039_T_C,GBA,False,0.9997225,1.0600554,3924,62150
chr4_3576644_T_G,HTT,False,0.99971604,0.73908615,1890,32054
chr1_155609241_A_T,GBA,False,0.99971604,0.23916149,4004,58982
chr4_2791035_T_C,HTT,False,0.9997094,0.941267,2648,30470
chr12_40284539_C_T,LRRK2,True,0.9997094,0.058642387,570,9295
chr4_3635222_T_C,HTT,False,0.99970263,0.8418207,1300,34430
chr4_89925285_C_G,SNCA,False,0.99970263,1.2867885,185,8107
chr4_90078419_A_G,SNCA,False,0.99969566,0.98286533,336,8107
chr12_40550168_G_A,LRRK2,False,0.99968857,0.06512594,862,18590
chr4_3313239_T_C,HTT,False,0.99968857,0.09644556,2192,28886
chr4_3451055_C_A,HTT,False,0.9996813,1.9938545,5296,35222
chr4_3710659_T_C,HTT,False,0.9996813,2.2680082,2244,36014
chr4_3502467_A_G,HTT,False,0.9996813,1.3202238,3516,32054
chr5_71206712_T_A,SMN1,False,0.9996813,0.96030235,1486,26510
chr4_3634180_C_G,HTT,False,0.99967384,1.7594299,5396,34430
chr12_40350973_A_C,LRRK2,True,0.99967384,0.59059334,445,8899
chr1_155536176_G_A,GBA,False,0.99967384,1.2035632,7128,62150
chr12_40393583_C_A,LRRK2,False,0.99967384,0.21172571,402,8899
chr4_89720189_T_C,SNCA,False,0.9996663,0.20092702,1060,8107
chr1_154859846_A_C,GBA,False,0.9996663,0.63704014,3526,60566
chr12_40167705_A_G,LRRK2,False,0.9996663,0.3515942,429,8503
chr4_3443598_C_T,HTT,False,0.9996663,0.38002253,4314,34430
chr12_40169104_C_T,LRRK2,False,0.9996663,0.46623087,202,8899
chr4_89704960_G_A,SNCA,False,0.99965847,1.1692789,1175,8107
chr1_155627286_G_A,GBA,False,0.99965847,0.35144377,6448,58982
chr5_71135328_T_G,SMN1,False,0.99965847,0.7459281,5334,25718
chr4_90183289_A_G,SNCA,False,0.9996505,0.49660778,874,8503
chr4_3710330_G_A,HTT,False,0.9996505,0.3324566,1306,36014
chr1_155442246_C_T,GBA,False,0.9996505,1.3995028,4828,66902
chr4_3593678_C_T,HTT,False,0.9996505,0.5995245,1756,32846
chr12_40729849_G_A,LRRK2,False,0.9996505,0.4024849,908,16214
chr4_3530863_T_C,HTT,False,0.9996505,0.4357729,3124,32054
chr4_89858367_G_C,SNCA,False,0.9996424,0.95316565,2993,8107
chr4_2788401_C_G,HTT,False,0.9996424,0.07178974,660,29678
chr12_40475692_C_T,LRRK2,False,0.999634,0.06299257,368,9295
chr4_3642309_T_G,HTT,False,0.999634,0.29458618,2036,34430
chr1_154867811_G_A,GBA,False,0.99962544,0.22143507,3956,59774
chr12_40203743_T_G,LRRK2,False,0.99962544,0.1879549,461,8899
chr4_3462155_G_C,HTT,False,0.99962544,0.4056716,4244,32846
chr4_3721380_G_A,HTT,False,0.99961674,1.169455,1928,36014
chr1_155127376_G_A,GBA,False,0.99961674,0.1737318,5088,56606
chr4_89739475_C_G,SNCA,True,0.9996078,0.22782516,695,8107
chr4_3437877_G_A,HTT,False,0.9996078,0.6347003,1920,33638
chr4_90062572_A_G,SNCA,False,0.9996078,0.43297625,660,8107
chr4_3514832_C_T,HTT,False,0.9995986,1.7789574,3574,32054
chr4_3041352_G_A,HTT,False,0.9995986,0.15685415,2788,28094
chr4_3601836_G_A,HTT,False,0.9995986,1.4565554,3189,32054
chr4_3424837_C_T,HTT,False,0.9995986,1.7907057,1712,31262
chr1_154937536_A_G,GBA,False,0.9995986,0.13296604,2672,58982
chr5_71337352_A_G,SMN1,False,0.9995986,0.31157947,6546,25718
chr5_71279914_T_C,SMN1,False,0.99957967,0.7530198,9430,26510
chr12_40280237_G_C,LRRK2,True,0.99957967,0.06550336,187,9295
chr4_89685446_C_T,SNCA,False,0.9995699,0.23935795,758,8107
chr4_90046519_C_A,SNCA,False,0.9995699,1.2380178,416,8107
chr12_40475541_C_T,LRRK2,False,0.9995699,0.11867714,494,9295
chr4_89836354_T_C,SNCA,True,0.9995699,0.10003972,896,7711
chr4_89837896_G_T,SNCA,True,0.9995699,0.56787205,372,7711
chr12_40149891_C_T,LRRK2,False,0.9995699,1.7802219,373,8899
chr4_3537857_T_C,HTT,False,0.9995598,0.32407665,6748,32054
chr12_40463021_A_G,LRRK2,False,0.99954957,0.3088832,618,9295
chr4_3590433_T_C,HTT,False,0.99954957,0.12164545,1918,32846
chr12_40433777_C_T,LRRK2,False,0.999539,0.23451757,346,8899
chr4_89836796_T_A,SNCA,True,0.999539,0.16187668,364,7711
chr4_90149891_T_C,SNCA,False,0.999539,0.35120535,295,8107
chr4_89965036_G_A,SNCA,False,0.999539,1.6106391,1470,8107
chr4_3635572_G_T,HTT,False,0.999539,0.1906147,1254,34430
chr12_40012710_T_C,LRRK2,False,0.9995283,0.19018078,1109,9691
chr4_89836584_C_A,SNCA,True,0.9995283,0.072618484,343,7711
chr4_3534148_A_T,HTT,False,0.9995283,0.037409306,1694,32054
chr12_40602211_T_C,LRRK2,False,0.99951726,0.42982626,1138,17798
chr1_154913048_A_G,GBA,False,0.999506,0.3195219,4090,59774
chr1_155648839_G_A,GBA,False,0.999506,0.1466732,3478,58190
chr4_90159157_T_C,SNCA,False,0.999506,0.4777317,260,8503
chr4_3720248_G_A,HTT,False,0.9994945,0.10551262,1664,36014
chr1_155701507_C_T,GBA,False,0.9994945,0.7638316,8184,56606
chr1_155637626_C_G,GBA,False,0.9994945,0.5350199,2770,58982
chr4_89800409_A_G,SNCA,True,0.9994945,0.46927834,1597,8107
chr12_40170876_G_T,LRRK2,False,0.9994945,0.94491005,449,8899
chr5_70441506_A_G,SMN1,False,0.9994945,1.0401735,3386,24134
chr4_3464534_C_T,HTT,False,0.9994827,0.14138746,2070,32846
chr4_90019837_A_G,SNCA,False,0.99947065,0.7086048,561,8107
chr1_154804410_G_A,GBA,False,0.99945825,0.071828365,2432,62150
chr12_40370171_C_G,LRRK2,False,0.99945825,0.10357666,193,8899
chr4_89685975_C_G,SNCA,False,0.99945825,0.10774708,429,8107
chr12_40104524_T_A,LRRK2,False,0.99945825,0.16768122,1015,9691
chr12_40668220_G_T,LRRK2,False,0.9994456,1.3268552,1510,17006
chr4_3442204_A_G,HTT,False,0.9994456,0.060085297,2174,33638
chr12_40805337_A_G,LRRK2,False,0.9994456,0.65729654,1146,14630
chr12_40437411_A_G,LRRK2,False,0.9994456,0.808011,585,8899
chr4_90083911_C_T,SNCA,False,0.9994456,0.092116356,306,8107
chr12_40210273_T_G,LRRK2,False,0.9994456,1.7946773,776,9295
chr1_154953513_T_C,GBA,False,0.9994456,0.5590992,3444,58190
chr12_40167733_C_G,LRRK2,False,0.9994456,0.090075254,199,8503
chr4_90168951_T_C,SNCA,False,0.9994456,0.7497182,454,8503
chr1_155611520_T_C,GBA,False,0.9994327,0.22415376,3386,58190
chr4_89839677_C_T,SNCA,False,0.9994327,0.10410881,640,7711
chr12_40709298_G_A,LRRK2,False,0.9994327,0.5914383,1384,17006
chr12_40216177_C_T,LRRK2,False,0.9994327,1.5560317,732,9295
chr12_40508110_T_C,LRRK2,False,0.9994327,0.08234978,560,18590
chr12_40497831_G_A,LRRK2,False,0.9994327,0.24951458,412,18590
chr1_155642406_G_T,GBA,False,0.9994327,0.3824911,3824,58982
chr5_71156995_A_G,SMN1,False,0.99941945,1.034862,986,25718
chr12_40107923_G_T,LRRK2,False,0.99941945,0.2244196,901,9691
chr1_155398412_C_A,GBA,False,0.99941945,0.08587837,5006,62942
chr4_2818534_G_A,HTT,False,0.9994059,0.16401196,1458,31262
chr4_3478743_G_A,HTT,False,0.9994059,0.091962814,1200,32846
chr5_71116318_A_C,SMN1,False,0.99939203,0.80592847,5174,25718
chr4_90021490_T_C,SNCA,False,0.99939203,0.3758297,288,8107
chr4_3588925_T_C,HTT,False,0.99939203,0.09660816,1416,32846
chr4_3584513_T_A,HTT,False,0.99939203,0.90098286,2656,33638
chr12_40231570_C_T,LRRK2,True,0.99937785,0.11391568,169,9295
chr12_40135083_A_G,LRRK2,False,0.99937785,0.9771948,242,9691
chr1_155399511_C_T,GBA,False,0.99937785,0.17996931,3724,62942
chr4_2811776_C_G,HTT,False,0.99937785,0.17143631,1694,31262
chr1_155673927_C_T,GBA,False,0.99936336,0.11692071,2104,56606
chr4_3317544_C_T,HTT,False,0.99936336,0.3701048,1518,28886
chr4_3388084_A_G,HTT,False,0.99936336,0.68293285,4088,29678
chr4_2940814_G_C,HTT,False,0.99936336,0.07704115,1476,31262
chr4_3595475_G_A,HTT,False,0.9993485,0.07373166,2296,32846
chr4_3292225_C_G,HTT,False,0.9993485,0.17237043,1206,28886
chr12_40183989_A_G,LRRK2,False,0.9993485,0.8744688,1009,8899
chr1_154884741_G_A,GBA,False,0.9993485,0.11764383,2968,59774
chr12_40661001_A_G,LRRK2,False,0.9993485,1.2301855,916,17006
chr12_40784667_T_C,LRRK2,False,0.9993485,0.50050926,1170,14630
chr4_2767943_C_G,HTT,False,0.9993485,0.85599756,3592,29678
chr4_3573930_T_A,HTT,False,0.9993333,0.5655589,1256,32054
chr4_3497612_A_G,HTT,False,0.9993333,1.0159512,1800,32054
chr4_3512962_T_C,HTT,False,0.99931777,0.3768444,3262,32054
chr4_90062562_T_C,SNCA,False,0.99931777,0.39013642,380,8107
chr12_40167418_A_G,LRRK2,False,0.99931777,0.13587928,386,8503
chr1_154805232_C_T,GBA,False,0.99931777,1.0979133,3042,62150
chr12_40159494_C_T,LRRK2,False,0.99931777,0.15831757,362,8503
chr4_89791054_C_A,SNCA,True,0.99931777,0.34420705,708,8107
chr12_40158779_C_G,LRRK2,False,0.99931777,0.24588728,860,8503
chr4_3072752_G_A,HTT,False,0.99931777,0.103337765,2022,28886
chr12_40166939_G_T,LRRK2,False,0.9993018,0.14426565,627,8503
chr4_2745797_C_T,HTT,False,0.9993018,0.42404866,1958,32846
chr1_155570869_T_G,GBA,False,0.9993018,0.15408206,4956,61358
chr4_3713398_T_C,HTT,False,0.9993018,0.21345139,1580,36014
chr4_3587254_A_G,HTT,False,0.9993018,0.5065565,2172,33638
chr12_40729793_G_A,LRRK2,False,0.9993018,0.437459,348,16214
chr1_155688550_T_C,GBA,False,0.9993018,0.08542061,2866,56606
chr12_40126694_A_G,LRRK2,False,0.9993018,1.4443748,516,9691
chr1_154899226_T_A,GBA,False,0.9993018,1.2544003,2590,60566
chr4_3471991_G_T,HTT,False,0.9992855,1.636081,3772,32846
chr4_90029079_G_A,SNCA,False,0.9992855,0.7848797,189,8107
chr4_3468361_C_T,HTT,False,0.9992855,0.14383602,1398,32846
chr4_2967344_G_T,HTT,False,0.9992855,0.69599605,3280,30470
chr5_71197750_T_C,SMN1,False,0.9992855,0.24970889,2798,26510
chr12_40473531_T_G,LRRK2,False,0.9992855,0.13102722,586,9295
chr4_3574719_C_T,HTT,False,0.9992689,0.10880041,726,32054
chr4_3268761_T_C,HTT,False,0.9992689,1.0918727,1856,29678
chr1_154939213_G_A,GBA,False,0.9992689,0.5594163,8336,58982
chr12_40168062_A_C,LRRK2,False,0.9992689,0.07584286,344,8503
chr4_89744890_C_T,SNCA,True,0.9992689,0.30124807,698,8107
chr4_2781322_T_C,HTT,False,0.9992689,1.7394264,1100,29678
chr4_89825685_A_G,SNCA,True,0.9992689,0.790654,827,8107
chr12_40448637_T_A,LRRK2,False,0.9992518,0.537375,682,8899
chr4_3266695_C_T,HTT,False,0.9992518,1.801971,3102,29678
chr1_155484962_C_A,GBA,False,0.9992518,0.710999,3508,66110
chr12_40159885_C_A,LRRK2,False,0.9992518,0.10801983,477,8503
chr4_3537887_G_A,HTT,False,0.9992518,0.44687408,6516,32054
chr1_154842844_C_G,GBA,False,0.9992518,0.4294219,2854,61358
chr5_70478753_C_G,SMN1,False,0.9992518,0.6564698,3514,24926
chr1_154835811_G_A,GBA,False,0.9992518,0.07140207,3832,62150
chr4_3708641_C_T,HTT,False,0.9992518,0.06654978,1142,36014
chr12_40446523_T_C,LRRK2,False,0.9992518,1.4869168,869,8899
chr4_3452017_T_A,HTT,False,0.9992518,0.20419502,3332,35222
chr1_155316467_C_T,GBA,False,0.9992518,0.046495438,2866,58982
chr4_3471920_C_T,HTT,False,0.9992343,0.87876225,2056,32846
chr1_155697170_T_C,GBA,False,0.9992343,0.5098405,4102,58190
chr4_3266989_T_C,HTT,False,0.9992343,0.2025137,752,29678
chr4_89853573_G_A,SNCA,False,0.9992165,0.117332935,537,8107
chr4_3365531_G_C,HTT,False,0.9992165,0.38763928,668,28094
chr4_3598203_C_T,HTT,False,0.9992165,0.077293396,1674,32846
chr1_154807343_G_A,GBA,False,0.9992165,0.29812908,3268,62150
chr12_40506285_A_G,LRRK2,False,0.9992165,0.48442507,908,18590
chr4_3493556_C_G,HTT,False,0.9992165,0.71455,1986,32054
chr4_3707748_A_C,HTT,False,0.9992165,0.97182655,1128,36014
chr5_71165963_T_C,SMN1,False,0.9992165,0.60523516,6706,25718
chr4_3442266_C_G,HTT,False,0.9992165,0.114154816,2358,33638
chr4_3243330_C_T,HTT,True,0.9991982,0.18468952,1602,29678
chr4_3509393_T_C,HTT,False,0.9991982,0.15021801,2542,32054
chr4_3597665_G_C,HTT,False,0.9991982,0.767354,3774,32846
chr5_71294290_A_G,SMN1,False,0.9991982,0.25620794,6150,26510
chr12_40553021_A_C,LRRK2,False,0.9991982,0.47647762,1348,18590
chr4_3292655_C_G,HTT,False,0.9991982,0.09308815,1466,28886
chr4_89863377_A_G,SNCA,False,0.9991982,0.367692,1139,8107
chr4_3303389_A_G,HTT,False,0.9991795,0.3471117,3038,28886
chr4_3515322_T_C,HTT,False,0.9991795,0.10802364,1268,32054
chr5_71292060_G_A,SMN1,False,0.9991795,0.56671,5756,26510
chr12_40446231_C_G,LRRK2,False,0.9991795,0.061172962,277,8899
chr1_155701887_T_G,GBA,False,0.9991795,1.0565605,3410,56606
chr4_3391400_C_G,HTT,False,0.9991795,0.75236034,396,29678
chr12_40160922_C_A,LRRK2,False,0.99916035,1.6847577,1143,8503
chr12_40673468_T_C,LRRK2,False,0.99916035,0.27815294,2716,17006
chr4_3648872_C_T,HTT,False,0.99916035,0.12759781,628,34430
chr4_3496721_T_C,HTT,False,0.99916035,0.0892992,1280,32054
chr4_90155090_G_A,SNCA,False,0.99916035,0.5058317,2865,8107
chr4_90042075_G_A,SNCA,False,0.99916035,0.91728735,274,8107
chr4_3434724_C_T,HTT,False,0.99916035,0.5857105,2698,33638
chr4_3292598_G_C,HTT,False,0.99914074,0.11455917,2112,28886
chr4_89825495_G_T,SNCA,True,0.99914074,0.096247196,334,8107
chr12_40416791_C_T,LRRK2,False,0.99914074,0.20633459,373,8899
chr4_3363680_G_C,HTT,False,0.99914074,0.46980858,2890,28094
chr4_2959453_T_C,HTT,False,0.99914074,0.13688183,904,30470
chr4_2735189_C_T,HTT,False,0.99914074,0.20690536,1788,32846
chr12_40096603_C_T,LRRK2,False,0.99914074,0.3202281,101,9691
chr12_40153244_A_G,LRRK2,False,0.99914074,0.28022718,941,8503
chr4_3518754_T_C,HTT,False,0.9991207,0.61671734,1688,32054
chr4_3538305_C_G,HTT,False,0.9991207,0.14116478,2834,32054
chr4_3577412_G_C,HTT,False,0.9991207,0.45668888,1394,32054
chr4_3644838_G_C,HTT,False,0.9991207,0.16834784,2966,34430
chr5_70467394_T_C,SMN1,False,0.9991207,0.22864199,4838,24926
chr4_90100140_A_C,SNCA,False,0.9991207,0.42742062,456,8107
chr4_3591825_A_G,HTT,False,0.9991207,0.20287132,2892,32846
chr4_3613357_T_C,HTT,False,0.9991207,0.14800072,854,32846
chr1_154798587_C_A,GBA,False,0.9991207,0.46375847,3044,62150
chr12_40159091_C_T,LRRK2,False,0.9991002,0.75303507,242,8503
chr4_90064820_G_A,SNCA,False,0.9991002,0.21184099,735,8107
chr1_154904629_T_C,GBA,False,0.9991002,0.400712,3742,58982
chr1_155095847_G_A,GBA,False,0.9991002,0.18351078,1972,57398
chr12_40545142_C_T,LRRK2,False,0.9991002,0.09057677,336,18590
chr4_3582868_G_A,HTT,False,0.9991002,0.10899401,1360,32054
chr4_89713898_T_C,SNCA,False,0.9991002,0.35743165,768,8107
chr1_155191881_T_G,GBA,False,0.9991002,0.13525057,4666,58190
chr4_3380263_G_A,HTT,False,0.9991002,0.2416358,795,29678
chr4_3323454_T_C,HTT,False,0.9990792,0.13339376,1846,28886
chr4_3289585_G_A,HTT,False,0.9990792,0.17787361,636,28886
chr12_40173779_A_G,LRRK2,False,0.9990792,1.4321966,341,8899
chr4_89818841_T_A,SNCA,True,0.9990792,0.06061268,447,8107
chr4_90257214_T_C,SNCA,False,0.9990792,0.260746,1551,7711
chr1_155729971_T_G,GBA,False,0.9990792,0.35938644,3804,55814
chr12_40712796_C_T,LRRK2,False,0.9990792,0.10892749,1640,17006
chr12_40146679_T_A,LRRK2,False,0.9990792,0.074168205,218,8899
chr4_3417950_G_A,HTT,False,0.9990792,0.8278389,788,31262
chr12_40601865_A_G,LRRK2,False,0.9990792,0.5130482,1570,17798
chr12_40583733_C_T,LRRK2,False,0.9990577,0.21397376,1128,18590
chr1_155701023_C_T,GBA,False,0.9990577,0.18603897,6900,56606
chr1_154813444_G_A,GBA,False,0.9990577,1.227992,3664,61358
chr4_89833481_C_T,SNCA,True,0.9990577,0.4578662,656,7711
chr4_3450618_G_A,HTT,False,0.9990577,0.18977857,1460,35222
chr4_3627526_G_A,HTT,False,0.9990577,0.07520962,1296,33638
chr4_2809175_T_C,HTT,False,0.9990358,0.40156794,3422,31262
chr4_3708447_G_A,HTT,False,0.9990358,0.22636986,3290,36014
chr12_40492002_G_A,LRRK2,False,0.9990358,0.89071393,339,9295
chr4_2809077_T_C,HTT,False,0.9990358,0.48718977,5248,31262
chr1_155467878_C_T,GBA,False,0.9990358,0.11239767,2454,66902
chr4_2790979_G_C,HTT,False,0.9990358,0.22684383,1052,30470
chr4_3465792_G_T,HTT,False,0.9990358,0.36206436,1325,32846
chr4_89825853_A_G,SNCA,True,0.9990358,1.0482101,655,8107
chr4_3429135_T_C,HTT,False,0.9990358,0.067976,1958,32054
chr12_40170430_G_A,LRRK2,False,0.9990358,0.105185986,370,8899
chr1_155682290_T_A,GBA,False,0.99901325,0.14972878,2756,56606
chr4_2940958_C_G,HTT,False,0.99901325,0.25242853,2192,31262
chr4_89818354_T_C,SNCA,True,0.99901325,1.2455378,968,8107
chr4_3394006_C_T,HTT,False,0.99901325,0.12647533,898,29678
chr12_40443611_G_A,LRRK2,False,0.99901325,1.7847409,312,8899
chr12_40444414_T_C,LRRK2,False,0.99901325,0.28126717,438,8899
chr4_3503136_G_T,HTT,False,0.99901325,0.060848236,1196,32054
chr12_40213845_C_T,LRRK2,False,0.99901325,0.4184866,1255,9295
chr1_155365620_A_T,GBA,False,0.99901325,0.5719743,2462,60566
chr12_40296904_C_A,LRRK2,True,0.99901325,0.46546745,345,9295
chr1_154861616_C_T,GBA,False,0.99901325,0.12808323,3072,60566
chr4_3600066_A_T,HTT,False,0.99901325,0.22928143,548,32054
chr12_40462687_C_G,LRRK2,False,0.99899024,0.92693615,593,9295
chr4_2829656_T_G,HTT,False,0.99899024,0.09372234,1534,30470
chr12_40529916_T_C,LRRK2,False,0.99899024,0.1373452,1370,18590
chr4_3631485_C_G,HTT,False,0.99899024,0.19343662,2322,33638
chr4_89829958_T_G,SNCA,True,0.99899024,0.0881474,402,8107
chr1_155608258_C_G,GBA,False,0.99899024,0.19482541,1720,58982
chr12_40227013_G_A,LRRK2,True,0.99899024,0.3075552,501,9295
chr12_40409444_G_T,LRRK2,False,0.99899024,0.7465811,382,8899
chr1_154841877_C_T,GBA,False,0.9989667,0.6719456,5102,61358
chr12_40599964_T_C,LRRK2,False,0.9989667,0.11997032,1066,17798
chr4_3629450_C_T,HTT,False,0.9989667,0.062391043,1090,33638
chr4_3629158_T_C,HTT,False,0.9989667,0.07479668,2208,33638
chr12_40466649_C_T,LRRK2,False,0.9989667,0.2036736,216,9295
chr4_3444018_C_T,HTT,False,0.9989667,0.15200329,1820,34430
chr4_3631442_C_A,HTT,False,0.9989667,0.44547844,1666,33638
chr4_3654286_G_A,HTT,False,0.9989667,0.57676554,1822,35222
chr4_90230062_C_T,SNCA,False,0.9989667,0.6809888,348,8107
chr4_90169425_G_C,SNCA,False,0.9989667,0.84164333,2607,8503
chr1_155469271_T_C,GBA,False,0.9989667,0.09800148,5076,66902
chr1_154907267_G_A,GBA,False,0.9989667,0.29848433,3760,58982
chr4_89750519_A_T,SNCA,True,0.9989667,0.08518028,342,8107
chr4_90155408_A_T,SNCA,False,0.99894255,0.430583,3303,8107
chr4_2965406_G_A,HTT,False,0.99894255,0.15010667,848,30470
chr4_90158610_G_A,SNCA,False,0.99894255,0.6733818,615,8107
chr1_154946604_C_T,GBA,False,0.99894255,0.4534912,4000,58190
chr1_155389659_C_T,GBA,False,0.99894255,0.19727373,2942,62150
chr12_40698262_G_C,LRRK2,False,0.99894255,0.74059534,1890,17006
chr12_40135090_G_C,LRRK2,False,0.99894255,0.93919945,544,9691
chr1_154838207_T_C,GBA,False,0.99894255,0.1473198,3130,61358
chr4_90113090_A_G,SNCA,False,0.99894255,0.31993008,177,8107
chr12_40392950_G_A,LRRK2,False,0.99894255,0.16498852,338,8899
chr12_40392963_A_G,LRRK2,False,0.99894255,0.12018287,429,8899
chr4_3467758_C_A,HTT,False,0.99894255,0.12645578,1988,32846
chr1_155743859_T_G,GBA,False,0.9989179,0.12082839,3200,52646
chr12_40549527_G_A,LRRK2,False,0.9989179,0.123206854,552,18590
chr1_155348517_G_C,GBA,False,0.9989179,0.24683428,2472,60566
chr4_2767980_T_C,HTT,False,0.9989179,0.89704657,422,29678
chr4_3518748_C_A,HTT,False,0.9989179,0.40978527,2856,32054
chr4_90169884_A_G,SNCA,False,0.9989179,0.56531894,526,8503
chr4_3527375_A_G,HTT,False,0.9989179,0.261029,1320,32054
chr1_155419897_C_T,GBA,False,0.9989179,0.095256805,3678,65318
chr4_89715478_T_A,SNCA,False,0.9989179,0.16113639,558,8107
chr1_154808491_T_C,GBA,False,0.9989179,0.38851595,3358,62150
chr1_155431469_T_C,GBA,False,0.9989179,0.05324936,3638,66902
chr4_3309608_C_T,HTT,False,0.9989179,0.30290902,4848,28886
chr1_155454274_T_C,GBA,False,0.99889266,0.3142686,3834,66902
chr4_89836797_T_A,SNCA,True,0.99889266,0.034316063,247,7711
chr4_3375947_G_A,HTT,False,0.99889266,0.28590012,1158,28886
chr4_2778825_T_A,HTT,False,0.99889266,0.17601061,1738,29678
chr4_3467614_G_A,HTT,False,0.99889266,0.18002987,940,32846
chr4_3383178_G_T,HTT,False,0.99889266,0.28925133,1404,29678
chr1_155179413_G_T,GBA,False,0.99889266,0.73323107,2668,57398
chr4_89527228_A_G,SNCA,False,0.99889266,0.08107185,456,9295
chr4_90036895_C_T,SNCA,False,0.99889266,0.22603369,498,8107
chr4_3493229_C_T,HTT,False,0.99889266,0.10623646,1616,32054
chr12_40560481_A_G,LRRK2,False,0.99889266,0.12475586,1276,18590
chr4_3640312_G_A,HTT,False,0.99889266,0.7378483,738,34430
chr12_40208006_C_T,LRRK2,False,0.99886686,0.11304474,472,9295
chr4_90167591_A_T,SNCA,False,0.99886686,0.4974413,1989,8503
chr4_90062324_G_A,SNCA,False,0.99886686,0.20046043,571,8107
chr4_89517214_G_A,SNCA,False,0.99886686,0.11858034,564,9295
chr12_40119176_A_G,LRRK2,False,0.99886686,0.99191,238,9691
chr12_40263735_A_G,LRRK2,True,0.99886686,0.07183933,329,9295
chr1_154841143_G_A,GBA,False,0.99886686,0.122982025,4580,61358
chr4_2818677_T_A,HTT,False,0.99886686,0.37187958,1796,31262
chr4_3602057_T_G,HTT,False,0.99886686,0.09455204,610,32054
chr4_2820580_T_C,HTT,False,0.99886686,0.16855049,1556,30470
chr12_40660762_C_T,LRRK2,False,0.99886686,0.3240738,36,17006
chr4_90200600_C_T,SNCA,False,0.99886686,0.41805124,476,8503
chr12_40583494_C_T,LRRK2,False,0.99886686,0.6071923,996,18590
chr4_3613396_T_C,HTT,False,0.99886686,0.37401223,7266,32846
chr1_154865574_C_T,GBA,False,0.99886686,0.30007577,2552,59774
chr4_90148935_G_A,SNCA,False,0.9988404,0.5293932,510,8107
chr1_154882579_G_A,GBA,False,0.9988404,0.17791462,2534,59774
chr4_3419582_C_T,HTT,False,0.9988404,0.30619574,1238,31262
chr1_154913306_G_A,GBA,False,0.9988404,0.42108274,2084,59774
chr1_154939446_A_G,GBA,False,0.9988404,0.13995504,3466,58190
chr12_40286069_A_G,LRRK2,True,0.9988404,0.48910236,507,9295
chr4_90169016_G_A,SNCA,False,0.9988404,0.46282816,2640,8503
chr1_154829815_G_A,GBA,False,0.9988404,0.15508747,4534,61358
chr12_40229953_G_A,LRRK2,True,0.9988404,0.28466845,943,9295
chr1_154813786_C_T,GBA,False,0.9988404,0.42321444,4486,61358
chr12_40586542_T_G,LRRK2,False,0.9988404,0.29198146,1130,18590
chr4_3661516_G_T,HTT,False,0.9988404,0.0457052,2008,35222
chr12_40200768_C_T,LRRK2,False,0.99881333,0.0809803,341,8899
chr4_3234408_G_T,HTT,True,0.99881333,0.42796516,876,28094
chr1_154879831_C_G,GBA,False,0.99881333,0.14675713,3311,59774
chr4_3489144_G_C,HTT,False,0.99881333,0.1866095,2140,32054
chr4_90087726_C_T,SNCA,False,0.99881333,0.46998215,373,8107
chr12_40366178_A_G,LRRK2,True,0.99881333,0.7635746,177,8899
chr1_154822913_G_A,GBA,False,0.9987857,0.7291136,3320,61358
chr4_3662479_A_G,HTT,False,0.9987857,0.5499821,1748,35222
chr12_39956635_T_C,LRRK2,False,0.9987857,0.16182518,490,10879
chr4_3632302_G_C,HTT,False,0.9987857,0.21224213,2012,33638
chr5_71341660_T_C,SMN1,False,0.9987857,0.17111683,2796,25718
chr4_3599975_G_C,HTT,False,0.9987857,0.21028519,846,32054
chr12_40709666_T_C,LRRK2,False,0.9987857,0.17012978,406,17006
chr1_155437305_C_T,GBA,False,0.9987857,0.12227535,4378,66902
chr12_40636037_T_C,LRRK2,False,0.9987857,0.60521126,604,17006
chr12_40639460_T_C,LRRK2,False,0.9987857,0.6594124,3476,17006
chr1_155736426_T_G,GBA,False,0.9987857,0.18960762,2484,55022
chr12_40470078_G_A,LRRK2,False,0.9987857,0.12511086,312,9295
chr4_3523929_G_A,HTT,False,0.99875736,0.2806747,1716,32054
chr1_154803946_A_G,GBA,False,0.99875736,0.103987694,4644,62150
chr12_40382655_A_G,LRRK2,False,0.99875736,0.4064207,600,8899
chr4_3466715_C_T,HTT,False,0.99875736,0.1455102,1466,32846
chr12_40158400_C_G,LRRK2,False,0.99875736,1.4410892,309,8503
chr4_89842109_A_G,SNCA,False,0.99875736,0.0905838,671,7711
chr12_40283227_A_C,LRRK2,True,0.99875736,0.46463728,452,9295
chr1_154826151_C_A,GBA,False,0.99875736,0.060534477,3894,61358
chr4_3667359_C_T,HTT,False,0.99875736,0.0985055,1652,35222
chr12_40500481_T_C,LRRK2,False,0.99875736,0.35402203,2070,18590
chr4_3463977_A_T,HTT,False,0.99875736,0.14029932,2096,32846
chr1_155604680_C_A,GBA,False,0.99875736,0.11843395,3338,58982
chr4_2801429_C_G,HTT,False,0.99875736,0.35123825,1632,31262
chr4_3597868_G_C,HTT,False,0.99872833,0.26678658,1658,32846
chr4_89800486_C_G,SNCA,True,0.99872833,0.35287142,567,8107
chr1_155557662_C_T,GBA,False,0.99872833,0.1022501,3584,62942
chr12_40495767_A_C,LRRK2,False,0.99872833,0.29178405,1344,18590
chr4_3429468_A_G,HTT,False,0.99872833,0.82786274,2284,32054
chr4_3613359_T_C,HTT,False,0.99872833,0.1394906,2810,32846
chr4_3576162_C_T,HTT,False,0.99872833,0.099451065,1278,32054
chr4_90188016_C_T,SNCA,False,0.99872833,0.18246889,300,8503
chr12_40502747_T_C,LRRK2,False,0.99872833,0.36657763,808,18590
chr1_155663516_T_C,GBA,False,0.99872833,0.2500553,2756,56606
chr12_40740911_C_T,LRRK2,False,0.99872833,0.37478566,360,16214
chr12_40155906_T_C,LRRK2,False,0.99872833,0.70590377,635,8503
chr5_71386631_C_T,SMN1,False,0.99872833,0.48300755,1674,24926
chr4_89829018_G_T,SNCA,True,0.99872833,0.12662554,437,8107
chr4_3602377_G_A,HTT,False,0.99872833,0.04475689,2016,32054
chr1_155674131_A_G,GBA,False,0.9986987,0.19047332,4070,56606
chr1_154799440_C_A,GBA,False,0.9986987,0.72352886,3976,62150
chr4_2802388_T_C,HTT,False,0.9986987,0.1425147,642,31262
chr4_3538471_C_T,HTT,False,0.9986987,0.13174772,2918,32054
chr1_154862220_G_T,GBA,False,0.9986987,0.6797304,4970,60566
chr4_89714256_C_T,SNCA,False,0.9986987,0.18762684,471,8107
chr12_40586975_T_A,LRRK2,False,0.9986987,1.4241374,572,18590
chr4_3531492_C_G,HTT,False,0.9986987,0.19774914,2672,32054
chr4_90031273_G_A,SNCA,False,0.9986987,0.60568,458,8107
chr1_155600889_T_G,GBA,False,0.9986987,0.29983997,3274,58982
chr1_154913303_C_T,GBA,False,0.9986987,0.099840164,3292,59774
chr1_155334790_C_A,GBA,False,0.9986987,0.24438286,2966,59774
chr4_3496068_C_G,HTT,False,0.9986987,0.22977543,2794,32054
chr1_155593361_C_A,GBA,False,0.9986987,0.12700891,1964,58982
chr4_3500930_T_C,HTT,False,0.9986987,0.9715953,1914,32054
chr4_3463973_C_G,HTT,False,0.9986987,0.06481743,1330,32846
chr12_40665797_A_T,LRRK2,False,0.9986987,0.4832195,1610,17798
chr12_40489973_C_T,LRRK2,False,0.9986987,0.093399525,896,9295
chr4_3168126_G_A,HTT,True,0.9986987,0.47659636,1130,28886
chr1_155601818_A_G,GBA,False,0.9986987,1.8554163,3682,58982
chr4_90052255_T_C,SNCA,False,0.9986987,0.32266092,601,8107
chr4_90062621_G_T,SNCA,False,0.9986987,0.4617324,640,8107
chr4_3001371_T_A,HTT,False,0.9986987,0.14742279,1702,28886
chr4_3285732_C_G,HTT,False,0.9986987,0.847702,1040,28886
chr1_154888711_G_T,GBA,False,0.9986684,0.06671047,4116,59774
chr1_154897083_G_A,GBA,False,0.9986684,0.92405045,2948,60566
chr4_3494383_C_T,HTT,False,0.9986684,0.21022272,2038,32054
chr4_90018300_G_A,SNCA,False,0.9986684,0.31431484,206,8107
chr4_90329315_T_C,SNCA,False,0.9986684,0.3649192,238,6919
chr1_155689149_T_G,GBA,False,0.9986684,0.06790924,2364,58190
chr4_3534214_T_C,HTT,False,0.9986684,0.09529185,1880,32054
chr12_40664511_T_C,LRRK2,False,0.9986684,0.10349369,1036,17798
chr4_90105897_A_G,SNCA,False,0.9986684,0.12720037,622,8107
chr4_3645386_G_T,HTT,False,0.9986684,0.18910885,1074,34430
chr4_89835270_G_C,SNCA,True,0.9986684,0.027048111,848,7711
chr1_154831169_A_C,GBA,False,0.9986684,0.15673399,2552,61358
chr4_2918038_A_C,HTT,False,0.9986684,0.1878748,3122,29678
chr12_40691924_C_T,LRRK2,False,0.9986684,0.13073778,1050,17006
chr12_40367861_T_C,LRRK2,True,0.9986684,0.24116373,388,8899
chr4_3631486_G_T,HTT,False,0.9986684,0.12022734,2260,33638
chr4_3178294_T_C,HTT,True,0.9986684,0.23839664,1072,28886
chr12_40212205_C_T,LRRK2,False,0.9986684,0.35828447,265,9295
chr4_90157392_C_T,SNCA,False,0.9986684,0.29684067,494,8107
chr1_154841792_G_C,GBA,False,0.9986684,0.15734005,3590,61358
chr4_89732568_A_G,SNCA,True,0.99863726,0.0893178,290,8107
chr12_40054407_T_C,LRRK2,False,0.99863726,0.047439575,345,10087
chr4_3529016_C_T,HTT,False,0.99863726,0.21766949,2312,32054
chr12_40409684_A_C,LRRK2,False,0.99863726,0.2561655,293,8899
chr12_39997167_T_G,LRRK2,False,0.99863726,0.15156221,353,9691
chr4_3663031_G_A,HTT,False,0.99863726,0.0763607,1884,35222
chr4_90333561_T_C,SNCA,False,0.99863726,1.0505315,687,6919
chr4_89824091_T_C,SNCA,True,0.99863726,2.0268335,464,8107
chr4_3727836_C_T,HTT,False,0.99863726,0.13794374,1502,37598
chr12_40357725_G_A,LRRK2,True,0.99863726,0.053966045,473,8899
chr12_40750159_G_T,LRRK2,False,0.99863726,0.44937086,966,15422
chr12_40280792_T_C,LRRK2,True,0.99863726,0.42892694,531,9295
chr4_3369182_C_A,HTT,False,0.99863726,0.5527897,3528,28886
chr1_154769440_G_A,GBA,False,0.99863726,0.17768574,3754,61358
chr4_3292211_C_T,HTT,False,0.99863726,0.12350869,798,28886
chr4_3474506_G_A,HTT,False,0.99863726,0.29126835,1408,32846
chr12_40465749_T_A,LRRK2,False,0.99863726,0.055392265,367,9295
chr4_3468812_G_A,HTT,False,0.99863726,0.095739365,1608,32846
chr4_3371772_T_C,HTT,False,0.99863726,0.047035456,936,28886
chr4_89957491_T_C,SNCA,False,0.9986055,0.6724956,530,8107
chr4_90331294_T_C,SNCA,False,0.9986055,0.11697817,700,6919
chr1_154944838_G_A,GBA,False,0.9986055,0.1479187,4238,58190
chr4_89830264_C_G,SNCA,True,0.9986055,0.11820984,629,8107
chr1_154939541_A_C,GBA,False,0.9986055,0.12379646,2802,58190
chr1_154906435_A_G,GBA,False,0.9986055,0.25056267,3576,58982
chr12_40726388_A_G,LRRK2,False,0.9986055,0.27213907,1862,17006
chr12_40377629_A_G,LRRK2,False,0.9986055,0.29106522,1227,8899
chr1_155011063_C_T,GBA,False,0.9986055,0.21974087,5176,56606
chr12_40549160_G_T,LRRK2,False,0.9986055,0.21427965,952,18590
chr4_3507532_C_T,HTT,False,0.9986055,0.13071632,1296,32054
chr12_40582699_T_A,LRRK2,False,0.9986055,0.0625999,908,18590
chr12_40471914_T_C,LRRK2,False,0.9986055,0.06891823,419,9295
chr4_3498442_A_C,HTT,False,0.9986055,0.9830084,2262,32054
chr1_154904393_G_A,GBA,False,0.9986055,0.066735744,2210,58982
chr4_3367372_C_T,HTT,False,0.9986055,0.20481062,1548,28886
chr4_3737101_T_C,HTT,False,0.9986055,0.39445543,2818,37598
chr4_3595996_A_G,HTT,False,0.9986055,0.07070351,938,32846
chr4_3368625_T_C,HTT,False,0.998573,0.0839262,1040,28886
chr4_3656717_G_C,HTT,False,0.998573,0.20316935,480,35222
chr1_155394536_T_C,GBA,False,0.998573,0.42065954,3658,62942
chr4_3533293_G_C,HTT,False,0.998573,0.3956566,5192,32054
chr12_40205137_C_T,LRRK2,False,0.998573,0.15412998,230,9295
chr4_3384588_T_C,HTT,False,0.998573,1.517427,1261,29678
chr12_40454857_C_T,LRRK2,False,0.998573,0.29727697,352,9295
chr1_155539091_G_A,GBA,False,0.998573,0.11042881,3514,62150
chr4_89833620_A_G,SNCA,True,0.998573,0.49464703,290,7711
chr4_3702659_T_C,HTT,False,0.998573,0.17128372,1610,36014
chr12_40204542_A_T,LRRK2,False,0.998573,0.31800556,524,9295
chr4_3602741_G_C,HTT,False,0.998573,0.14865494,1356,32054
chr4_3704535_C_G,HTT,False,0.998573,0.16418839,1060,36014
chr4_90321519_A_G,SNCA,False,0.998573,0.33737147,524,6919
chr12_40409986_A_G,LRRK2,False,0.998573,0.583539,402,8899
chr1_155573151_A_G,GBA,False,0.998573,0.22380447,2828,61358
chr4_3284226_C_T,HTT,False,0.998573,1.2454591,6258,28886
chr1_154912779_G_A,GBA,False,0.998573,0.20788038,3436,59774
chr12_40712161_C_G,LRRK2,False,0.998573,0.1155467,858,17006
chr4_3479919_A_G,HTT,False,0.998573,0.698329,2394,32846
chr4_90153042_C_A,SNCA,False,0.998573,0.18002713,1591,8107
chr4_3708010_G_T,HTT,False,0.9985397,0.30138135,1208,36014
chr12_40481950_A_T,LRRK2,False,0.9985397,0.24911022,367,9295
chr1_154872109_C_T,GBA,False,0.9985397,0.3392067,4434,58982
chr4_3375322_C_T,HTT,False,0.9985397,0.091100216,674,28886
chr4_3465777_C_A,HTT,False,0.9985397,0.1092844,2919,32846
chr4_3651889_T_G,HTT,False,0.9985397,0.9506655,3552,35222
chr12_40441932_C_G,LRRK2,False,0.9985397,0.23638201,208,8899
chr1_154842568_C_T,GBA,False,0.9985397,0.6433573,4542,61358
chr4_90094446_T_G,SNCA,False,0.9985397,0.17842436,426,8107
chr1_155351887_A_T,GBA,False,0.9985397,0.10410881,4106,60566
chr12_40584799_T_G,LRRK2,False,0.9985397,0.6582184,1958,18590
chr5_71000539_A_T,SMN1,False,0.9985397,0.08240032,756,25718
chr12_40465786_A_T,LRRK2,False,0.9985397,0.15664387,193,9295
chr12_40572708_A_G,LRRK2,False,0.99850565,0.13603282,298,18590
chr4_3643112_G_A,HTT,False,0.99850565,0.19419384,1044,34430
chr4_3343164_T_C,HTT,False,0.99850565,0.5485306,1308,28886
chr12_40362446_A_G,LRRK2,True,0.99850565,0.60667706,524,8899
chr12_40560680_G_A,LRRK2,False,0.99850565,0.20687103,566,18590
chr12_40269794_G_T,LRRK2,True,0.99850565,0.21205902,265,9295
chr12_40080345_C_T,LRRK2,False,0.99850565,0.11465716,217,9691
chr4_89968821_G_A,SNCA,False,0.99850565,0.6618209,1728,8107
chr4_90075999_T_C,SNCA,False,0.99850565,0.27086854,419,8107
chr4_3600302_C_T,HTT,False,0.99850565,0.3733735,920,32054
chr1_155653379_C_A,GBA,False,0.99850565,0.05350113,1936,58190
chr12_40449458_A_G,LRRK2,False,0.99850565,0.55133057,1124,8899
chr4_90319614_T_C,SNCA,False,0.99850565,0.3379984,600,6919
chr12_40526308_T_C,LRRK2,False,0.99850565,0.41313362,726,18590
chr4_89788443_C_T,SNCA,True,0.99850565,1.6005611,411,8107
chr12_40183917_T_C,LRRK2,False,0.99850565,0.18892884,405,8899
chr4_3390588_G_C,HTT,False,0.99850565,0.17799377,2036,29678
chr4_3724325_G_A,HTT,False,0.9984708,0.3575182,4964,37598
chr12_40539384_T_C,LRRK2,False,0.9984708,0.04916191,614,18590
chr12_40626035_G_A,LRRK2,False,0.9984708,0.30553532,662,17798
chr12_40576032_A_G,LRRK2,False,0.9984708,0.3940277,1272,18590
chr1_155444102_G_C,GBA,False,0.9984708,0.54560304,3342,66902
chr4_89958435_C_T,SNCA,False,0.9984708,0.24503613,532,8107
chr4_89827587_C_T,SNCA,True,0.9984708,0.09360552,409,8107
chr12_39726558_T_C,LRRK2,False,0.9984708,0.12325096,1222,9691
chr1_155636433_G_A,GBA,False,0.9984708,0.1270256,2832,58982
chr12_40158898_G_A,LRRK2,False,0.9984708,0.490489,315,8503
chr4_90160338_C_T,SNCA,False,0.9984708,0.7400589,506,8503
chr4_3481330_G_A,HTT,False,0.9984708,0.25938368,2025,32846
chr1_155644708_C_T,GBA,False,0.9984708,0.104994416,2004,58982
chr12_40255947_G_C,LRRK2,True,0.9984708,0.058781624,313,9295
chr4_3270391_A_C,HTT,False,0.9984708,0.25638866,1546,29678
chr4_3381826_A_G,HTT,False,0.9984708,0.052647114,1692,29678
chr4_90168799_T_G,SNCA,False,0.9984708,0.4417162,2578,8503
chr4_3500122_T_C,HTT,False,0.9984708,0.09807873,572,32054
chr1_155637138_C_T,GBA,False,0.9984708,0.19676685,4374,58982
chr4_3468121_T_C,HTT,False,0.9984708,0.67069244,1532,32846
chr4_3660864_G_A,HTT,False,0.9984708,0.15792942,1318,35222
chr4_90334434_A_G,SNCA,False,0.9984708,0.16531777,317,6919
chr12_40435240_G_T,LRRK2,False,0.9984708,0.32624674,310,8899
chr1_155588874_G_T,GBA,False,0.9984708,0.118242264,2345,58982
chr4_3591819_A_G,HTT,False,0.99843514,0.06395626,1146,32846
chr4_2828349_C_T,HTT,False,0.99843514,0.57540894,850,30470
chr4_3525858_A_T,HTT,False,0.99843514,0.3229847,1290,32054
chr4_3586776_G_A,HTT,False,0.99843514,0.57827854,1874,33638
chr1_155350701_T_A,GBA,False,0.99843514,0.1917615,5740,60566
chr1_155345824_C_T,GBA,False,0.99843514,0.21028233,5928,60566
chr4_89715268_G_A,SNCA,False,0.99843514,0.22283363,1834,8107
chr12_40444929_T_C,LRRK2,False,0.99843514,0.16072607,561,8899
chr4_90148737_A_G,SNCA,False,0.99843514,0.4346156,659,8107
chr4_89827223_A_C,SNCA,True,0.99843514,1.3636985,412,8107
chr4_3389173_C_A,HTT,False,0.99843514,0.5206976,1428,29678
chr1_154840467_G_A,GBA,False,0.99843514,0.29006934,3802,61358
chr12_40189297_T_G,LRRK2,False,0.99843514,0.23791337,776,8899
chr4_3374575_A_G,HTT,False,0.99843514,0.06824684,1312,28886
chr1_154856207_A_C,GBA,False,0.99843514,0.38881683,5832,60566
chr4_89969467_G_A,SNCA,False,0.99843514,0.07870364,130,8107
chr1_154842781_C_A,GBA,False,0.99843514,0.42526722,5606,61358
chr4_89957371_C_T,SNCA,False,0.9983986,1.325418,431,8107
chr4_89752619_A_G,SNCA,True,0.9983986,0.19086075,1567,8107
chr12_40643355_A_G,LRRK2,False,0.9983986,0.08891702,768,17006
chr12_40347876_T_C,LRRK2,True,0.9983986,0.3111987,670,8899
chr4_3237840_G_T,HTT,True,0.9983986,0.5635376,1546,28094
chr12_40339098_C_A,LRRK2,True,0.9983986,0.1608634,399,9295
chr4_3651112_G_A,HTT,False,0.9983986,0.17534113,1966,35222
chr4_3689464_C_T,HTT,False,0.9983986,0.88109565,962,35222
chr1_154940928_C_G,GBA,False,0.9983986,0.4759283,3628,58190
chr12_40509298_C_T,LRRK2,False,0.9983986,0.34464836,210,18590
chr1_154918887_G_T,GBA,False,0.9983986,0.29685163,2770,59774
chr1_155538946_T_C,GBA,False,0.9983986,0.61198235,4732,62150
chr4_3499715_G_A,HTT,False,0.9983986,0.07287884,1038,32054
chr12_40374190_T_C,LRRK2,False,0.9983986,0.61851704,396,8899
chr4_3607686_C_G,HTT,False,0.9983986,0.114350796,708,32846
chr4_90076020_G_T,SNCA,False,0.9983986,0.5570581,464,8107
chr1_155557222_T_G,GBA,False,0.9983986,0.18289876,3232,62150
chr12_40581863_C_T,LRRK2,False,0.9983986,0.24013615,1652,18590
chr12_40121997_A_T,LRRK2,False,0.9983986,0.023522377,414,9691
chr1_154855933_G_A,GBA,False,0.9983986,0.08687949,4166,60566
chr1_154880819_T_C,GBA,False,0.9983986,0.4033327,3046,59774
chr1_154799567_C_G,GBA,False,0.9983986,0.20286846,2676,62150
chr4_90329617_T_C,SNCA,False,0.9983986,0.1758833,652,6919
chr4_89820368_G_A,SNCA,True,0.9983986,0.41080797,663,8107
chr4_3521864_G_A,HTT,False,0.9983986,0.15452576,2626,32054
chr4_3676247_G_C,HTT,False,0.9983613,0.35138416,1770,35222
chr12_40119414_G_A,LRRK2,False,0.9983613,0.19151711,268,9691
chr12_40665969_G_A,LRRK2,False,0.9983613,0.5383949,796,17798
chr4_90159525_T_G,SNCA,False,0.9983613,0.48336506,918,8503
chr1_154842441_G_A,GBA,False,0.9983613,0.12537193,2720,61358
chr12_40210266_A_G,LRRK2,False,0.9983613,0.46222973,386,9295
chr1_154904931_T_C,GBA,False,0.9983613,0.23379183,3210,58982
chr4_3373271_G_A,HTT,False,0.9983613,0.16005802,798,28886
chr12_40168211_G_A,LRRK2,False,0.9983613,0.30996227,380,8899
chr1_155375252_A_G,GBA,False,0.9983613,0.07630348,2944,61358
chr12_40007470_C_A,LRRK2,False,0.9983613,0.08264136,545,9691
chr5_71292054_A_C,SMN1,False,0.9983613,0.5354359,4398,26510
chr1_155548827_T_C,GBA,False,0.9983613,0.35772347,3240,62150
chr12_40643047_C_T,LRRK2,False,0.9983613,0.09477222,1190,17006
chr4_3738383_G_A,HTT,False,0.9983613,0.45137882,896,37598
chr1_155179361_G_T,GBA,False,0.9983613,2.8257217,2750,57398
chr12_40202365_A_T,LRRK2,False,0.9983231,0.33270836,200,8899
chr1_154807068_C_T,GBA,False,0.9983231,0.21997547,2346,62150
chr12_40556101_A_G,LRRK2,False,0.9983231,0.24187899,2938,18590
chr4_89824244_C_G,SNCA,True,0.9983231,0.102081776,297,8107
chr12_40164954_G_A,LRRK2,False,0.9983231,0.12125492,185,8503
chr12_40783720_G_A,LRRK2,False,0.9983231,0.13556409,718,14630
chr1_155498941_A_C,GBA,False,0.9983231,0.18850732,5032,64526
chr12_40449702_A_C,LRRK2,False,0.9983231,0.5964273,555,8899
chr4_89708314_G_C,SNCA,False,0.9983231,0.06762886,179,8107
chr4_3581449_C_T,HTT,False,0.9983231,0.17613173,2427,32054
chr12_40443462_T_C,LRRK2,False,0.9983231,1.2148155,505,8899
chr4_3532776_C_T,HTT,False,0.9983231,0.116456985,1798,32054
chr1_155431370_G_T,GBA,False,0.998284,0.39326572,4074,66902
chr4_3464745_G_A,HTT,False,0.998284,0.06569433,1426,32846
chr1_155467868_G_T,GBA,False,0.998284,0.12609196,2324,66902
chr1_154947089_A_G,GBA,False,0.998284,0.06690073,2680,58190
chr4_3270651_C_G,HTT,False,0.998284,0.059886932,442,29678
chr4_3597785_G_C,HTT,False,0.998284,0.12657452,1424,32846
chr4_3651681_C_G,HTT,False,0.998284,0.1668725,1060,35222
chr1_154900047_C_T,GBA,False,0.998284,0.15867567,2222,60566
chr12_40251455_C_A,LRRK2,True,0.998284,0.15554929,688,9295
chr4_3285074_C_G,HTT,False,0.998284,0.116031885,1786,28886
chr1_154801446_G_A,GBA,False,0.998284,0.41750526,3914,62150
chr1_155334536_T_G,GBA,False,0.998284,0.2562995,1708,59774
chr12_40666127_C_A,LRRK2,False,0.998284,0.19573927,736,17798
chr4_3309486_G_A,HTT,False,0.998284,0.34166098,990,28886
chr4_89715557_T_C,SNCA,False,0.998284,0.052133083,143,8107
chr4_89821307_A_G,SNCA,True,0.998284,0.43423843,85,8107
chr12_40669116_T_C,LRRK2,False,0.998284,0.17824173,370,17006
chr4_3491815_T_A,HTT,False,0.998284,0.19056511,1876,32054
chr12_40392300_G_A,LRRK2,False,0.998284,0.27141285,279,8899
chr12_40452469_G_A,LRRK2,False,0.998284,0.37647915,309,8899
chr1_155545786_T_C,GBA,False,0.998284,0.31218147,2372,62150
chr4_2764554_A_G,HTT,False,0.9982439,0.22254658,2238,32054
chr12_40454953_T_C,LRRK2,False,0.9982439,0.46767175,1035,9295
chr12_40641259_G_T,LRRK2,False,0.9982439,0.30633163,3044,17006
chr4_3578154_C_T,HTT,False,0.9982439,0.0857296,1332,32054
chr1_155349877_C_T,GBA,False,0.9982439,0.3231976,3570,60566
chr4_3642951_G_A,HTT,False,0.9982439,0.5175333,820,34430
chr1_155687440_G_A,GBA,False,0.9982439,0.12181902,2534,56606
chr4_3271811_C_G,HTT,False,0.9982439,0.105689526,1058,29678
chr4_3480951_C_T,HTT,False,0.9982439,0.103411674,2544,32846
chr1_154740240_T_A,GBA,False,0.9982439,0.036331177,4194,60566
chr4_89867045_T_C,SNCA,False,0.9982439,0.083637714,294,8107
chr12_40354862_A_C,LRRK2,True,0.9982439,0.140481,664,8899
chr1_154920277_G_C,GBA,False,0.9982439,0.54087543,3352,59774
chr4_3476230_G_A,HTT,False,0.9982439,0.46900892,2782,32846
chr1_154828771_T_C,GBA,False,0.9982439,0.19497299,3878,61358
chr1_155697311_G_A,GBA,False,0.9982439,0.45714378,2610,58190
chr12_40067991_T_C,LRRK2,False,0.9982439,0.23904467,446,9691
chr1_154825356_T_C,GBA,False,0.9982439,0.1072247,4070,61358
chr12_40173048_A_G,LRRK2,False,0.9982439,0.6018853,382,8899
chr5_71016982_G_T,SMN1,False,0.9982439,0.3001132,1320,26510
chr4_90168301_T_C,SNCA,False,0.9982439,0.2557087,559,8503
chr12_40620819_A_T,LRRK2,False,0.9982439,0.16141903,1766,17798
chr12_40392413_T_C,LRRK2,False,0.9982439,0.12686944,140,8899
chr12_39831083_A_G,LRRK2,False,0.9982439,0.9084575,534,10087
chr4_2620831_C_T,HTT,False,0.9982439,0.11227608,878,32846
chr4_3605575_G_C,HTT,False,0.9982439,0.10786533,1046,32846
chr4_2598333_A_G,HTT,False,0.9982439,0.60005903,833,33638
chr4_3595900_G_T,HTT,False,0.9982439,0.6078291,2458,32846
chr1_155626706_C_T,GBA,False,0.9982439,0.16911316,2918,58982
chr12_40464320_G_T,LRRK2,False,0.9982439,0.49693537,270,9295
chr12_40513889_A_G,LRRK2,False,0.9982439,0.07101393,846,18590
chr1_154797085_G_A,GBA,False,0.9982439,0.119431496,2436,62942
chr1_155561265_A_G,GBA,False,0.998203,0.12557554,2572,62150
chr4_89992853_T_C,SNCA,False,0.998203,0.534812,354,8107
chr1_154887464_C_A,GBA,False,0.998203,0.095939636,3962,59774
chr4_3588020_T_C,HTT,False,0.998203,0.16465378,1896,32846
chr1_155539316_C_T,GBA,False,0.998203,0.102686405,2612,62150
chr1_154815259_T_C,GBA,False,0.998203,0.11075497,2432,61358
chr12_40589694_G_A,LRRK2,False,0.998203,0.19190574,282,18590
chr12_40462676_C_T,LRRK2,False,0.998203,0.28482914,758,9295
chr4_90015014_A_C,SNCA,False,0.998203,0.8942132,739,8107
chr1_155673612_C_T,GBA,False,0.998203,0.15375113,2178,56606
chr1_154902275_T_C,GBA,False,0.998203,0.1072464,2110,60566
chr4_3270604_T_A,HTT,False,0.998203,0.5358124,1372,29678
chr4_3720680_A_G,HTT,False,0.998203,0.6917896,1378,36014
chr4_89832871_C_A,SNCA,True,0.998203,0.05224085,415,7711
chr4_2955266_G_A,HTT,False,0.998203,0.13850307,3932,30470
chr4_90021675_G_A,SNCA,False,0.998203,0.37010002,477,8107
chr12_40068825_C_T,LRRK2,False,0.998203,0.08108091,330,9691
chr4_89839070_A_C,SNCA,False,0.998203,0.09324551,431,7711
chr12_40449074_T_C,LRRK2,False,0.998203,0.20121527,514,8899
chr4_90086618_G_T,SNCA,False,0.998203,0.6154336,2097,8107
chr4_3089312_G_A,HTT,True,0.998203,0.35445118,1078,28886
chr4_3712618_G_C,HTT,False,0.998203,0.7414665,1782,36014
chr12_40805519_G_C,LRRK2,False,0.998203,0.043781996,256,14630
chr4_3488442_A_G,HTT,False,0.998203,0.06991291,952,32054
chr1_154834542_A_G,GBA,False,0.9981611,0.04891014,2598,62150
chr4_2831499_G_C,HTT,False,0.9981611,0.12196064,678,30470
chr1_155410754_C_T,GBA,False,0.9981611,0.43098497,4334,64526
chr1_155537752_T_A,GBA,False,0.9981611,0.23493385,1954,62942
chr12_40426879_A_C,LRRK2,False,0.9981611,2.0749555,589,8899
chr12_40030190_T_G,LRRK2,False,0.9981611,0.3179469,488,10087
chr4_90100728_C_A,SNCA,False,0.9981611,0.09870958,180,8107
chr1_154842309_A_G,GBA,False,0.9981611,0.1402216,1994,61358
chr12_40198586_C_T,LRRK2,False,0.9981611,0.18913072,193,8899
chr4_3707900_A_T,HTT,False,0.9981611,0.35816836,1686,36014
chr4_3715781_T_C,HTT,False,0.9981611,0.6565561,1732,36014
chr4_3594687_T_C,HTT,False,0.9981611,0.07558894,1098,32846
chr12_40600388_C_T,LRRK2,False,0.9981611,0.08657503,464,17798
chr4_3514101_G_A,HTT,False,0.9981611,0.17045164,1464,32054
chr4_3501122_A_G,HTT,False,0.9981611,0.12834215,2204,32054
chr1_154862435_G_A,GBA,False,0.9981611,0.5431881,3168,60566
chr12_40130958_T_C,LRRK2,False,0.9981611,0.41934645,862,9691
chr4_90175844_A_G,SNCA,False,0.9981611,0.106998086,841,8503
chr12_40640174_G_T,LRRK2,False,0.9981611,0.14525938,3534,17006
chr4_3276790_C_T,HTT,False,0.9981611,0.67318153,1916,29678
chr4_3743687_A_G,HTT,False,0.9981611,0.06878376,596,37598
chr12_40138693_C_G,LRRK2,False,0.9981611,0.66806746,619,9295
chr12_40355348_G_A,LRRK2,True,0.9981611,0.36155558,271,8899
chr1_154892649_G_A,GBA,False,0.9981611,0.41407132,2826,59774
chr4_3286493_T_C,HTT,False,0.9981611,0.2001667,2100,28886
chr4_3468249_A_C,HTT,False,0.9981611,0.20765209,582,32846
chr12_40451833_A_G,LRRK2,False,0.9981182,0.27379847,398,8899
chr4_2806183_A_C,HTT,False,0.9981182,0.42626095,876,31262
chr4_3404490_G_A,HTT,False,0.9981182,0.17918396,1562,30470
chr1_155363203_G_A,GBA,False,0.9981182,0.3067417,4056,60566
chr1_154841986_G_A,GBA,False,0.9981182,0.142941,2349,61358
chr5_71377520_T_G,SMN1,False,0.9981182,0.32114005,2986,25718
chr12_40741973_T_C,LRRK2,False,0.9981182,0.122751236,770,16214
chr12_40484650_G_A,LRRK2,False,0.9981182,0.116666794,410,9295
chr4_90035726_A_C,SNCA,False,0.9981182,0.4235251,279,8107
chr4_3509285_G_A,HTT,False,0.9981182,0.100200415,2410,32054
chr4_89902124_G_A,SNCA,False,0.9981182,0.544611,104,8107
chr1_154918185_A_G,GBA,False,0.9981182,0.09510827,3186,59774
chr12_40463412_T_C,LRRK2,False,0.9981182,0.109624386,148,9295
chr1_154810732_G_C,GBA,False,0.9981182,0.53893566,4220,62150
chr4_3027861_G_A,HTT,False,0.9981182,0.090414524,2146,29678
chr1_155587180_G_A,GBA,False,0.9981182,0.15134811,2616,60566
chr4_89912221_A_G,SNCA,False,0.9981182,0.078587055,216,8107
chr12_40638387_C_T,LRRK2,False,0.9981182,0.17190313,464,17006
chr12_40220854_A_G,LRRK2,False,0.9981182,0.08369589,458,9295
chr12_40492062_T_C,LRRK2,False,0.9981182,0.7664783,1651,9295
chr1_155711366_G_A,GBA,False,0.9981182,0.21034145,2942,56606
chr12_40279458_T_A,LRRK2,True,0.9981182,0.039489746,528,9295
chr4_89820622_A_G,SNCA,True,0.9981182,0.18048239,544,8107
chr1_155698271_G_A,GBA,False,0.9981182,0.42686749,1536,57398
chr12_40173801_T_G,LRRK2,False,0.9981182,0.16745949,612,8899
chr4_89728139_C_G,SNCA,True,0.99807435,0.15546703,268,8107
chr4_3723384_G_A,HTT,False,0.99807435,0.92739916,1318,36014
chr4_3597970_C_G,HTT,False,0.99807435,0.51315403,2074,32846
chr4_3465778_G_A,HTT,False,0.99807435,0.31713676,1570,32846
chr12_40128454_G_A,LRRK2,False,0.99807435,0.24534893,826,9691
chr4_3517048_A_C,HTT,False,0.99807435,0.08893108,2352,32054
chr12_40179672_C_A,LRRK2,False,0.99807435,0.17965937,405,8899
chr4_89713655_T_A,SNCA,False,0.99807435,0.50781155,661,8107
chr12_40183894_T_A,LRRK2,False,0.99807435,0.25239992,281,8899
chr1_154846883_A_C,GBA,False,0.99807435,0.19625282,2798,60566
chr4_3283024_G_A,HTT,False,0.99807435,0.13363314,1046,28886
chr1_154914341_T_C,GBA,False,0.99807435,0.27074766,4918,59774
chr4_89959252_G_A,SNCA,False,0.99807435,0.19176102,487,8107
chr4_2911448_A_T,HTT,False,0.99807435,0.40344453,1156,28886
chr1_154943592_A_G,GBA,False,0.99807435,0.29438496,3280,58190
chr12_39728853_T_C,LRRK2,False,0.99807435,0.18362665,1050,9691
chr12_40586116_G_A,LRRK2,False,0.99807435,0.0511384,504,18590
chr4_3705058_G_T,HTT,False,0.99807435,0.48404026,1018,36014
chr4_90055262_G_A,SNCA,False,0.99807435,0.27963638,279,8107
chr4_2713848_C_G,HTT,False,0.99807435,0.09849739,544,32054
chr4_2797269_C_T,HTT,False,0.99807435,0.86706066,464,30470
chr12_40581364_C_T,LRRK2,False,0.99807435,0.2864809,284,18590
chr4_3719794_C_G,HTT,False,0.99807435,0.20608294,1168,36014
chr1_155443513_C_A,GBA,False,0.99807435,0.0533576,5292,66902
chr1_155693535_C_T,GBA,False,0.99807435,0.1883831,2208,58190
chr4_3408549_C_T,HTT,False,0.99807435,0.086013794,930,30470
chr4_3655066_T_C,HTT,False,0.9980294,0.07671833,1348,35222
chr4_90142552_C_T,SNCA,False,0.9980294,0.31568718,246,8107
chr4_3494956_G_A,HTT,False,0.9980294,0.06601906,1390,32054
chr1_155490000_G_A,GBA,False,0.9980294,0.39423633,3724,65318
chr4_90108993_C_T,SNCA,False,0.9980294,0.14606285,565,8107
chr4_3737607_T_A,HTT,False,0.9980294,0.1497984,3016,37598
chr4_3592142_A_G,HTT,False,0.9980294,0.49779224,1464,32846
chr1_155283495_C_G,GBA,False,0.9980294,0.50456643,5081,58982
chr12_40506277_C_A,LRRK2,False,0.9980294,0.34910202,1118,18590
chr12_40686066_T_C,LRRK2,False,0.9980294,0.14474297,1358,17006
chr4_3509448_T_C,HTT,False,0.9980294,0.13782907,3096,32054
chr4_89527266_A_C,SNCA,False,0.9980294,0.4850502,1218,9295
chr12_40515120_T_A,LRRK2,False,0.9980294,0.24117279,560,18590
chr4_89827695_T_A,SNCA,True,0.9980294,0.126423,281,8107
chr1_155314470_C_T,GBA,False,0.9980294,0.10244179,3454,58982
chr4_3707937_C_T,HTT,False,0.9980294,0.19835186,1484,36014
chr4_90048414_G_A,SNCA,False,0.9980294,0.35300803,475,8107
chr4_89514712_A_G,SNCA,False,0.9980294,0.11655617,548,9295
chr12_40564116_G_A,LRRK2,False,0.9980294,0.09321308,334,18590
chr12_40320097_T_C,LRRK2,True,0.9980294,0.48433018,1295,9295
chr1_154809413_G_A,GBA,False,0.9980294,0.26051044,8352,62150
chr4_3471932_A_G,HTT,False,0.9980294,0.81229806,1976,32846
chr12_40204067_T_C,LRRK2,False,0.9980294,0.14921856,790,8899
chr4_3630321_T_C,HTT,False,0.9980294,0.19220161,1420,33638
chr4_89826732_G_C,SNCA,True,0.9980294,0.17311573,476,8107
chr4_89792596_T_C,SNCA,True,0.9980294,0.20387983,331,8107
chr4_3641872_A_C,HTT,False,0.9980294,0.10084057,1654,34430
chr4_90158863_G_T,SNCA,False,0.9980294,0.22314692,1682,8503
chr4_3339503_C_G,HTT,False,0.9980294,0.13831139,990,28886
chr4_89824619_G_A,SNCA,True,0.9980294,0.14627647,446,8107
chr4_3365109_A_G,HTT,False,0.9980294,0.09170866,572,28094
chr12_40442207_A_C,LRRK2,False,0.99798346,0.27807426,549,8899
chr1_155310373_T_C,GBA,False,0.99798346,0.24591208,2248,58982
chr4_89715321_A_G,SNCA,False,0.99798346,0.20067215,377,8107
chr4_89801282_G_A,SNCA,True,0.99798346,0.10799503,78,8107
chr4_3529690_T_C,HTT,False,0.99798346,0.25720787,1592,32054
chr4_89823940_T_C,SNCA,True,0.99798346,0.23329449,627,8107
chr12_40115810_T_C,LRRK2,False,0.99798346,0.062060356,510,9691
chr1_155641208_G_A,GBA,False,0.99798346,0.12501049,2106,58982
chr1_155401656_T_C,GBA,False,0.99798346,0.1683979,4194,62942
chr4_2802749_A_G,HTT,False,0.99798346,0.17822933,818,31262
chr4_89756380_T_C,SNCA,True,0.99798346,0.57519865,494,8107
chr4_3594707_C_T,HTT,False,0.99798346,0.20494318,1782,32846
chr4_3266983_A_G,HTT,False,0.99798346,0.12779093,1244,29678
chr12_40719795_A_T,LRRK2,False,0.99798346,0.09161425,152,17006
chr1_154917751_C_T,GBA,False,0.99798346,0.21252108,2990,59774
chr12_40194876_C_T,LRRK2,False,0.99798346,0.13180637,85,8899
chr4_3499677_G_A,HTT,False,0.99798346,0.2802186,4732,32054
chr4_3495796_A_C,HTT,False,0.99798346,0.2070446,2720,32054
chr4_3281082_G_C,HTT,False,0.99798346,0.23521495,892,28886
chr4_3267165_T_A,HTT,False,0.99798346,0.36207843,1416,29678
chr4_3494214_T_C,HTT,False,0.99798346,0.13216305,864,32054
chr4_3491896_G_A,HTT,False,0.99798346,0.09727764,1588,32054
chr4_89784213_A_G,SNCA,True,0.99798346,0.22272778,438,8107
chr4_3449586_C_G,HTT,False,0.9979365,0.06317139,1020,35222
chr4_89958255_A_G,SNCA,False,0.9979365,1.8911667,941,8107
chr4_90031431_C_T,SNCA,False,0.9979365,0.12288189,430,8107
chr12_40086382_T_C,LRRK2,False,0.9979365,0.11318064,119,9691
chr4_3384247_C_T,HTT,False,0.9979365,0.13912678,964,29678
chr4_3718355_C_G,HTT,False,0.9979365,0.061329365,852,36014
chr1_155422928_C_T,GBA,False,0.9979365,0.16806126,2928,65318
chr12_40199601_C_T,LRRK2,False,0.9979365,0.21257877,448,8899
chr4_90161630_T_C,SNCA,False,0.9979365,0.17120647,1032,8503
chr12_40466509_T_C,LRRK2,False,0.9979365,0.17391324,439,9295
chr12_40453416_G_A,LRRK2,False,0.9979365,0.38345408,298,8899
chr1_155367547_T_C,GBA,False,0.9979365,0.13796282,3554,60566
chr4_3711538_A_T,HTT,False,0.9979365,0.24098492,838,36014
chr4_89579176_G_A,SNCA,False,0.9979365,0.1132493,234,9295
chr4_90169192_A_G,SNCA,False,0.9979365,0.11815357,1184,8503
chr12_40160295_C_T,LRRK2,False,0.9979365,0.052834988,364,8503
chr1_154793365_C_A,GBA,False,0.9979365,0.1872065,2980,61358
chr4_3643230_C_T,HTT,False,0.9979365,0.49564266,1598,34430
chr1_154904958_T_C,GBA,False,0.9979365,0.15972328,3432,58982
chr4_90144549_T_G,SNCA,False,0.9979365,0.42836237,639,8107
chr12_40567463_A_G,LRRK2,False,0.9979365,0.076803684,492,18590
chr4_3741876_G_A,HTT,False,0.9979365,0.18038511,1298,37598
chr1_154838072_G_A,GBA,False,0.9979365,0.8533087,6436,61358
chr4_2975430_C_T,HTT,False,0.9979365,0.21454525,338,29678
chr4_2843429_G_C,HTT,False,0.9979365,0.23727322,1326,29678
chr1_154801693_G_C,GBA,False,0.9979365,0.25853348,4364,62150
chr4_90080667_C_T,SNCA,False,0.9979365,0.28090382,209,8107
chr4_2813539_G_A,HTT,False,0.9979365,0.21690655,592,31262
chr12_40281806_A_G,LRRK2,True,0.9979365,0.5499437,560,9295
chr4_90319949_G_A,SNCA,False,0.9979365,0.13886619,242,6919
chr4_2794655_G_T,HTT,False,0.9979365,0.36948252,1762,30470
chr1_154901964_C_T,GBA,False,0.9979365,0.06112814,4224,60566
chr12_40389920_G_C,LRRK2,False,0.9979365,0.2811768,237,8899
chr4_89834788_A_G,SNCA,True,0.9979365,0.052796602,205,7711
chr1_154841569_G_A,GBA,False,0.9978883,0.35699177,4120,61358
chr4_3291877_C_G,HTT,False,0.9978883,1.0134315,2488,28886
chr4_3711592_G_C,HTT,False,0.9978883,0.30962706,2486,36014
chr4_2802478_A_C,HTT,False,0.9978883,0.28488708,1566,31262
chr4_3473679_G_T,HTT,False,0.9978883,0.27097797,1434,32846
chr4_3469005_C_T,HTT,False,0.9978883,0.10823679,2090,32846
chr4_89519800_C_T,SNCA,False,0.9978883,0.086989164,705,9295
chr4_3341500_A_G,HTT,False,0.9978883,0.3482108,1688,28886
chr1_155655153_G_A,GBA,False,0.9978883,0.17176914,2386,58190
chr12_40707042_T_G,LRRK2,False,0.9978883,0.1923461,996,17006
chr4_3285634_C_T,HTT,False,0.9978883,0.66654205,1714,28886
chr4_89491284_A_G,SNCA,False,0.9978883,0.099267006,520,9295
chr4_90158028_A_C,SNCA,False,0.9978883,0.12205505,1600,8107
chr4_90026387_T_C,SNCA,False,0.9978883,0.14457798,448,8107
chr4_90322175_G_A,SNCA,False,0.9978883,0.16063058,290,6919
chr4_90188425_A_G,SNCA,False,0.9978883,0.112318516,429,8503
chr4_89822949_C_T,SNCA,True,0.9978883,0.2561462,599,8107
chr12_40190083_A_T,LRRK2,False,0.9978883,0.039313316,142,8899
chr4_89829437_A_T,SNCA,True,0.9978883,0.16652918,465,8107
chr12_40390870_C_T,LRRK2,False,0.9978883,0.21707487,460,8899
chr4_90118743_C_T,SNCA,False,0.9978883,0.50687265,217,8107
chr4_90023219_T_C,SNCA,False,0.9978883,0.13010263,392,8107
chr1_155710658_T_C,GBA,False,0.9978391,0.045725107,2588,56606
chr12_40471568_G_A,LRRK2,False,0.9978391,0.49452877,311,9295
chr4_3503435_G_A,HTT,False,0.9978391,0.3037002,3438,32054
chr4_3501169_G_A,HTT,False,0.9978391,0.08044529,2240,32054
chr12_40130378_T_C,LRRK2,False,0.9978391,0.27104092,748,9691
chr4_3490151_C_T,HTT,False,0.9978391,0.2537341,5340,32054
chr12_40671552_T_A,LRRK2,False,0.9978391,0.04620838,694,17006
chr4_90191664_G_A,SNCA,False,0.9978391,0.06378698,435,8503
chr12_40459543_A_C,LRRK2,False,0.9978391,0.2738614,193,9295
chr4_89715652_G_T,SNCA,False,0.9978391,0.11518574,384,8107
chr5_71055786_C_T,SMN1,False,0.9978391,0.07111311,1582,26510
chr4_3368639_T_G,HTT,False,0.9978391,0.09138632,680,28886
chr4_2768124_T_C,HTT,False,0.9978391,0.8309345,798,29678
chr1_154903317_C_T,GBA,False,0.9978391,0.27968478,3510,60566
chr1_154906402_C_G,GBA,False,0.9978391,0.43935776,1560,58982
chr4_3322087_G_A,HTT,False,0.9978391,0.4436133,1444,28886
chr4_90100979_A_G,SNCA,False,0.9978391,0.1620884,446,8107
chr4_2822462_C_T,HTT,False,0.9978391,0.06773758,628,30470
chr4_2814261_G_A,HTT,False,0.9978391,0.14778614,1960,31262
chr12_39994708_T_C,LRRK2,False,0.9978391,0.22266102,513,9691
chr12_40526931_T_C,LRRK2,False,0.9978391,0.37621856,1348,18590
chr4_89884573_A_C,SNCA,False,0.9978391,0.16429234,111,8107
chr12_40386468_G_A,LRRK2,False,0.9978391,0.3487482,581,8899
chr4_3595255_C_T,HTT,False,0.9978391,0.20582199,1424,32846
chr4_3480739_A_G,HTT,False,0.9977887,0.16205311,2686,32846
chr1_154951539_C_T,GBA,False,0.9977887,0.08677673,2932,58190
chr1_154811103_C_T,GBA,False,0.9977887,0.31905365,2550,62150
chr1_154838651_G_T,GBA,False,0.9977887,0.7125082,2796,61358
chr4_3608233_T_C,HTT,False,0.9977887,0.08904648,1265,32846
chr4_2790451_A_C,HTT,False,0.9977887,0.33539677,1772,30470
chr1_155399352_G_A,GBA,False,0.9977887,0.270077,3496,62942
chr12_40661087_A_T,LRRK2,False,0.9977887,0.06510234,552,17006
chr4_3471519_A_G,HTT,False,0.9977887,0.10449934,1302,32846
chr1_155459699_A_T,GBA,False,0.9977887,0.6097052,3418,67694
chr1_155666323_A_G,GBA,False,0.9977887,0.050915718,2356,55814
chr1_154940492_A_T,GBA,False,0.9977887,0.22145796,2494,58190
chr1_154865320_T_C,GBA,False,0.9977887,0.071507454,2874,59774
chr4_90160758_G_A,SNCA,False,0.9977887,0.19953156,380,8503
chr12_40221267_C_T,LRRK2,False,0.9977887,1.1991172,347,9295
chr4_3369138_G_A,HTT,False,0.9977887,0.5011487,3026,28886
chr12_40385177_G_A,LRRK2,False,0.9977887,0.11501026,358,8899
chr12_40550300_A_T,LRRK2,False,0.9977887,0.08618355,666,18590
chr1_155007875_C_T,GBA,False,0.9977887,0.067047596,2528,56606
chr1_154991223_A_T,GBA,False,0.9977887,0.15962315,2334,57398
chr4_2905230_C_G,HTT,False,0.9977887,0.035945415,538,28886
chr12_40351006_G_A,LRRK2,True,0.9977887,0.7740283,775,8899
chr4_89502849_G_A,SNCA,False,0.9977887,0.25068474,450,9295
chr12_40562299_C_T,LRRK2,False,0.9977887,0.13346052,500,18590
chr4_3515015_A_G,HTT,False,0.9977887,0.08395815,1714,32054
chr4_3597723_G_A,HTT,False,0.9977887,0.11448336,1272,32846
chr4_89713882_A_G,SNCA,False,0.9977887,0.25710535,415,8107
chr5_71156000_T_C,SMN1,False,0.9977887,0.33045053,3202,25718
chr4_2915467_C_T,HTT,False,0.99773717,0.05239582,826,28886
chr4_89529231_A_T,SNCA,False,0.99773717,0.06545448,550,9295
chr4_3660636_C_A,HTT,False,0.99773717,0.33258104,696,35222
chr4_2802319_A_G,HTT,False,0.99773717,0.14116907,464,31262
chr4_3348521_A_G,HTT,False,0.99773717,0.40240574,2170,28886
chr5_71278311_G_C,SMN1,False,0.99773717,0.1136384,716,26510
chr4_3630467_C_T,HTT,False,0.99773717,0.07898903,1250,33638
chr4_89825459_G_A,SNCA,True,0.99773717,0.05960083,456,8107
chr4_89960725_G_C,SNCA,False,0.99773717,0.22750759,297,8107
chr4_90039423_G_C,SNCA,False,0.99773717,0.7121873,814,8107
chr12_40110693_G_A,LRRK2,False,0.99773717,0.29448748,538,9691
chr1_154738821_A_G,GBA,False,0.99773717,0.24518156,4334,60566
chr12_40200920_C_A,LRRK2,False,0.99773717,0.12441969,256,8899
chr1_154943501_G_A,GBA,False,0.99773717,0.09999752,4032,58190
chr12_40150641_A_T,LRRK2,False,0.99773717,0.03969097,259,8503
chr1_155412635_T_C,GBA,False,0.99773717,0.075826645,3404,64526
chr4_3435359_C_T,HTT,False,0.99773717,0.1387415,1138,33638
chr1_154845097_T_C,GBA,False,0.99773717,0.13007581,2148,61358
chr12_40167836_A_T,LRRK2,False,0.99773717,0.047917604,205,8503
chr12_40489984_T_A,LRRK2,False,0.99773717,0.42758465,314,9295
chr1_155740669_T_C,GBA,False,0.99773717,0.21279001,2136,53438
chr12_40641894_C_G,LRRK2,False,0.99773717,0.08356476,866,17006
chr4_89823097_C_T,SNCA,True,0.99773717,0.27887106,303,8107
chr1_155575800_A_T,GBA,False,0.99773717,0.31023312,3916,61358
chr5_71189601_T_C,SMN1,False,0.99773717,0.41687226,4154,25718
chr1_155582693_C_T,GBA,False,0.99773717,0.22512436,4630,61358
chr4_89755997_T_C,SNCA,True,0.99773717,0.24566936,352,8107
chr4_89968803_G_A,SNCA,False,0.99773717,0.22733212,403,8107
chr12_40127691_A_C,LRRK2,False,0.99773717,0.4897647,739,9691
chr4_2776297_G_A,HTT,False,0.99773717,0.2070694,1006,29678
chr12_40157242_T_C,LRRK2,False,0.9976844,0.30209827,353,8503
chr4_3610301_T_C,HTT,False,0.9976844,0.18888807,1746,32846
chr1_154810298_T_G,GBA,False,0.9976844,0.21804619,3015,62150
chr1_155589379_G_T,GBA,False,0.9976844,0.22387886,4120,58982
chr4_3273308_A_G,HTT,False,0.9976844,0.16321373,2606,29678
chr12_40440250_T_C,LRRK2,False,0.9976844,0.5438962,1162,8899
chr4_89933119_G_A,SNCA,False,0.9976844,0.12382221,411,8107
chr12_40157029_T_C,LRRK2,False,0.9976844,0.4681492,523,8503
chr1_155574465_T_C,GBA,False,0.9976844,0.24645329,5148,61358
chr12_40342137_G_A,LRRK2,True,0.9976844,0.2992053,704,9295
chr12_40134095_C_T,LRRK2,False,0.9976844,0.3215437,458,9691
chr1_154894745_A_G,GBA,False,0.9976844,0.33222437,3416,59774
chr1_154938781_C_T,GBA,False,0.9976844,0.21036768,2840,58982
chr12_40077435_C_T,LRRK2,False,0.9976844,0.54864883,363,9691
chr4_3594775_G_A,HTT,False,0.9976844,0.6783664,1634,32846
chr4_89710872_C_T,SNCA,False,0.9976844,0.24299812,403,8107
chr4_3268199_C_A,HTT,False,0.9976844,1.4304667,2132,29678
chr4_3470027_T_C,HTT,False,0.9976844,0.30861664,916,32846
chr1_154939175_C_G,GBA,False,0.9976844,0.26951647,2148,58982
chr4_89824087_C_T,SNCA,True,0.9976844,0.32296562,204,8107
chr4_89829022_T_C,SNCA,True,0.9976305,0.11837149,347,8107
chr4_90326145_G_A,SNCA,False,0.9976305,0.20242977,274,6919
chr5_71292084_T_A,SMN1,False,0.9976305,0.21719933,646,26510
chr4_3600460_G_A,HTT,False,0.9976305,0.14186335,1304,32054
chr1_154907910_G_A,GBA,False,0.9976305,0.3445704,4486,58982
chr12_40528478_C_T,LRRK2,False,0.9976305,0.06255913,806,18590
chr12_40667898_T_C,LRRK2,False,0.9976305,0.20631218,618,17006
chr1_154805174_G_A,GBA,False,0.9976305,0.23674059,2730,62150
chr4_3377653_C_T,HTT,False,0.9976305,0.1792531,1304,28886
chr1_155390787_G_A,GBA,False,0.9976305,0.3430488,2332,62150
chr4_89856062_C_T,SNCA,False,0.9976305,0.47989178,121,8107
chr4_3504713_G_C,HTT,False,0.9976305,0.7756016,2002,32054
chr4_3538500_G_A,HTT,False,0.9976305,0.1883725,5402,32054
chr4_3530600_T_C,HTT,False,0.9976305,0.068954945,836,32054
chr1_155718789_C_A,GBA,False,0.9976305,0.16255951,994,55814
chr1_155645024_A_C,GBA,False,0.9976305,0.11201811,2216,58190
chr4_3493750_T_C,HTT,False,0.9976305,0.06109214,1884,32054
chr12_40578012_A_T,LRRK2,False,0.9976305,0.14603925,574,18590
chr4_90202723_A_G,SNCA,False,0.9976305,0.10853052,230,8503
chr4_2987136_A_G,HTT,False,0.9976305,0.3623085,1022,29678
chr4_3712932_G_T,HTT,False,0.9975752,0.10079718,1384,36014
chr4_90168788_G_A,SNCA,False,0.9975752,0.13815904,177,8503
chr12_40181553_G_A,LRRK2,False,0.9975752,0.15525794,296,8899
chr4_3285928_A_G,HTT,False,0.9975752,0.45886946,3840,28886
chr1_155376951_A_G,GBA,False,0.9975752,0.25688553,4548,61358
chr1_155352351_G_A,GBA,False,0.9975752,0.09631348,3970,60566
chr12_40595381_A_G,LRRK2,False,0.9975752,0.43771672,1028,17798
chr4_3639677_G_A,HTT,False,0.9975752,0.3182845,2664,34430
chr12_40102868_T_C,LRRK2,False,0.9975752,0.16715813,703,9691
chr4_89827495_C_G,SNCA,True,0.9975752,0.29537868,927,8107
chr12_40198423_A_G,LRRK2,False,0.9975752,0.06354141,340,8899
chr4_3635809_C_T,HTT,False,0.9975752,0.14041996,1668,34430
chr12_40072140_T_C,LRRK2,False,0.9975752,0.08513355,143,9691
chr12_40439355_G_C,LRRK2,False,0.9975752,0.08044958,128,8899
chr1_155633801_T_C,GBA,False,0.9975752,0.05941391,2724,58982
chr12_40121586_C_T,LRRK2,False,0.9975752,0.3912716,166,9691
chr1_155642056_G_T,GBA,False,0.9975752,0.10177708,2238,58982
chr1_154939824_C_T,GBA,False,0.9975752,0.1862917,3240,58190
chr12_40389356_C_T,LRRK2,False,0.9975752,0.124037266,661,8899
chr12_40364850_T_C,LRRK2,True,0.9975752,0.087296486,839,8899
chr4_89960150_G_A,SNCA,False,0.9975752,0.26001167,251,8107
chr1_154787304_A_G,GBA,False,0.9975752,0.11834526,2864,62150
chr12_40545173_G_C,LRRK2,False,0.9975752,0.10051441,872,18590
chr4_3657847_C_T,HTT,False,0.9975752,0.31306505,3240,35222
chr12_40477658_A_T,LRRK2,False,0.9975752,0.06777573,466,9295
chr4_3596077_G_T,HTT,False,0.9975752,0.0460968,1246,32846
chr12_40611466_G_T,LRRK2,False,0.9975752,0.46751976,276,17798
chr4_89815576_A_G,SNCA,True,0.99751866,0.15428066,269,8107
chr4_3726669_A_G,HTT,False,0.99751866,0.29474115,2386,37598
chr1_154808221_G_A,GBA,False,0.99751866,0.17103386,2228,62150
chr4_2768475_G_A,HTT,False,0.99751866,0.073636115,772,29678
chr4_89910850_T_C,SNCA,False,0.99751866,0.21449709,245,8107
chr5_71276906_G_A,SMN1,False,0.99751866,0.21987677,426,26510
chr4_89827133_C_T,SNCA,True,0.99751866,0.33216143,308,8107
chr4_89915368_A_C,SNCA,False,0.99751866,0.34930277,539,8107
chr4_90104486_C_T,SNCA,False,0.99751866,0.15683508,288,8107
chr4_90320076_G_A,SNCA,False,0.99751866,0.43231916,326,6919
chr1_154915473_C_T,GBA,False,0.99751866,0.58400416,2942,59774
chr4_3496072_A_G,HTT,False,0.99751866,0.40095615,2080,32054
chr4_3268060_C_G,HTT,False,0.99751866,0.28388762,1018,29678
chr1_155403057_C_T,GBA,False,0.99751866,0.21789598,2722,64526
chr12_40480537_G_A,LRRK2,False,0.99751866,0.1498394,200,9295
chr4_3526663_G_A,HTT,False,0.99751866,0.10286617,936,32054
chr1_155459934_A_C,GBA,False,0.99751866,0.5557747,6160,67694
chr4_3478530_C_T,HTT,False,0.99751866,0.23095179,950,32846
chr4_3095768_G_A,HTT,True,0.99751866,0.08490443,1594,28886
chr12_40614429_C_G,LRRK2,False,0.99751866,0.1247077,252,17798
chr1_155389191_A_G,GBA,False,0.99751866,0.06590176,2662,62150
chr12_40171072_A_G,LRRK2,False,0.99751866,0.09041786,479,8899
chr4_89592525_T_G,SNCA,False,0.99751866,0.18554544,464,9295
chr4_2773795_C_T,HTT,False,0.99751866,0.20413208,532,30470
chr1_155471639_T_A,GBA,False,0.99751866,0.062171936,3680,66902
chr4_3464701_T_G,HTT,False,0.99751866,0.12756824,2098,32846
chr1_154842516_A_T,GBA,False,0.99751866,0.043473244,4144,61358
chr12_40013306_T_C,LRRK2,False,0.99746084,0.22576094,287,9691
chr4_90147443_G_A,SNCA,False,0.99746084,0.105455875,224,8107
chr4_3502835_C_T,HTT,False,0.99746084,0.6327648,2438,32054
chr1_155557444_T_G,GBA,False,0.99746084,0.11243343,3656,62942
chr1_155552781_T_C,GBA,False,0.99746084,0.12016702,4008,62150
chr12_40294279_A_G,LRRK2,True,0.99746084,0.17516565,558,9295
chr12_40293043_A_G,LRRK2,True,0.99746084,0.16755342,690,9295
chr4_3293813_C_T,HTT,False,0.99746084,0.06718063,592,28886
chr4_3595833_C_T,HTT,False,0.99746084,0.25834513,2370,32846
chr4_90144201_T_C,SNCA,False,0.99746084,0.22122931,491,8107
chr12_40365793_G_A,LRRK2,True,0.99746084,0.32807827,278,8899
chr12_40750585_T_C,LRRK2,False,0.99746084,0.35744667,790,15422
chr1_155687002_C_T,GBA,False,0.99746084,0.26147747,2732,56606
chr1_155682607_T_C,GBA,False,0.99746084,0.68083763,2174,56606
chr4_2673286_G_A,HTT,False,0.99746084,0.14198184,354,32054
chr4_90113787_A_G,SNCA,False,0.99746084,0.09387636,451,8107
chr1_154828697_C_T,GBA,False,0.99746084,0.2694149,3380,61358
chr4_3650930_G_C,HTT,False,0.99746084,0.21628046,1572,34430
chr4_2790730_C_A,HTT,False,0.99746084,0.27483654,1692,30470
chr4_2945985_T_G,HTT,False,0.99746084,0.18454838,1840,30470
chr4_89833540_A_G,SNCA,True,0.99746084,0.20406961,340,7711
chr1_154841108_C_T,GBA,False,0.99746084,0.14524937,4740,61358
chr4_2795661_G_C,HTT,False,0.99746084,0.116951466,794,30470
chr12_40357968_A_G,LRRK2,True,0.99740165,0.20599747,289,8899
chr1_155314795_T_A,GBA,False,0.99740165,0.5656848,2114,58982
chr4_3583561_G_A,HTT,False,0.99740165,0.18634605,1544,33638
chr4_3665415_T_C,HTT,False,0.99740165,0.09943056,1094,35222
chr4_2803403_C_G,HTT,False,0.99740165,0.103747845,1692,31262
chr4_3132184_C_T,HTT,True,0.99740165,0.07698107,1502,29678
chr12_40430352_G_A,LRRK2,False,0.99740165,0.061501503,250,8899
chr4_3265941_G_A,HTT,False,0.99740165,0.15561962,918,29678
chr4_3649374_C_T,HTT,False,0.99740165,0.1117816,1812,34430
chr12_40040638_A_C,LRRK2,False,0.99740165,0.30959702,178,10087
chr12_40530389_T_A,LRRK2,False,0.99740165,0.07901025,454,18590
chr1_154906400_T_A,GBA,False,0.99740165,0.030821085,2576,58982
chr12_40228988_C_T,LRRK2,True,0.99740165,0.45682883,266,9295
chr12_40453403_A_G,LRRK2,False,0.99740165,0.17418003,783,8899
chr12_40465234_C_T,LRRK2,False,0.99740165,0.30747676,628,9295
chr4_3527145_T_C,HTT,False,0.99740165,0.07858753,1266,32054
chr12_40167626_T_C,LRRK2,False,0.99740165,0.06726503,545,8503
chr12_40480286_C_T,LRRK2,False,0.99740165,0.17176723,231,9295
chr4_3600077_T_C,HTT,False,0.99740165,0.28658676,3292,32054
chr4_3713109_T_C,HTT,False,0.99740165,0.17829323,1372,36014
chr1_154791972_G_A,GBA,False,0.99740165,0.44298458,5016,61358
chr4_3490112_A_C,HTT,False,0.99740165,0.19786453,1838,32054
chr4_89627552_C_T,SNCA,False,0.99740165,0.15962315,1010,9691
chr4_89783466_G_A,SNCA,True,0.99740165,0.14301777,429,8107
chr4_3586930_G_A,HTT,False,0.99740165,0.081557274,1192,33638
chr4_89829074_C_T,SNCA,True,0.99740165,0.085877895,166,8107
chr12_40262377_A_G,LRRK2,True,0.99740165,0.21393967,452,9295
chr4_89887767_T_C,SNCA,False,0.99740165,0.793787,556,8107
chr12_40269682_T_C,LRRK2,True,0.99740165,0.0747447,256,9295
chr1_155616653_T_G,GBA,False,0.9973411,0.097869396,2802,58190
chr12_40147137_A_G,LRRK2,False,0.9973411,0.27940035,564,8899
chr4_90234114_C_T,SNCA,False,0.9973411,0.06374693,28,8107
chr1_154803936_A_G,GBA,False,0.9973411,0.09830189,1834,62150
chr5_70452137_C_G,SMN1,False,0.9973411,0.17847538,4115,24926
chr4_90102161_C_T,SNCA,False,0.9973411,0.18561268,274,8107
chr4_2830462_G_A,HTT,False,0.9973411,0.26176357,1244,30470
chr4_90325185_C_T,SNCA,False,0.9973411,0.5363318,204,6919
chr12_40660067_C_T,LRRK2,False,0.9973411,0.3345747,886,17006
chr4_3512107_T_C,HTT,False,0.9973411,0.06476021,1322,32054
chr12_40669042_A_C,LRRK2,False,0.9973411,0.064162254,320,17006
chr12_40384889_G_T,LRRK2,False,0.9973411,0.050154686,217,8899
chr4_89776006_T_C,SNCA,True,0.9973411,0.11118126,487,8107
chr12_40667419_T_C,LRRK2,False,0.9973411,0.36182976,842,17006
chr4_89814855_A_C,SNCA,True,0.9973411,0.04907608,224,8107
chr1_155496993_C_G,GBA,False,0.9973411,0.081409454,3196,65318
chr12_40367205_A_G,LRRK2,True,0.9973411,0.07460928,518,8899
chr4_2791909_A_G,HTT,False,0.9973411,0.09208,1140,30470
chr1_155387818_G_A,GBA,False,0.9973411,0.10730791,2922,62150
chr4_3337311_G_T,HTT,False,0.9973411,0.12819767,1044,28886
chr4_90146182_T_C,SNCA,False,0.9973411,0.69384885,1224,8107
chr12_40473935_G_A,LRRK2,False,0.9973411,0.67036676,418,9295
chr4_2765701_C_G,HTT,False,0.9973411,0.9025936,2486,32054
chr4_90143311_C_T,SNCA,False,0.9973411,0.060898304,495,8107
chr12_40401247_G_A,LRRK2,False,0.9973411,0.19415236,372,8899
chr4_89936979_C_T,SNCA,False,0.9973411,0.074775696,253,8107
chr4_3516005_G_C,HTT,False,0.9973411,0.204525,1675,32054
chr4_3469137_G_A,HTT,False,0.9973411,0.10113144,944,32846
chr4_3527059_A_G,HTT,False,0.9973411,0.08316326,940,32054
chr4_3475446_G_T,HTT,False,0.9973411,0.4029522,1642,32846
chr1_154829663_C_T,GBA,False,0.9973411,0.110488415,2970,61358
chr4_3526935_T_C,HTT,False,0.9973411,0.310606,798,32054
chr12_40431115_G_T,LRRK2,False,0.9973411,0.0937438,284,8899
chr12_40366046_T_A,LRRK2,True,0.9973411,0.06289244,224,8899
chr12_40391731_T_C,LRRK2,False,0.9972791,0.07850599,106,8899
chr4_89711125_G_C,SNCA,False,0.9972791,0.13262081,246,8107
chr4_2765507_C_G,HTT,False,0.9972791,0.24833393,2856,32054
chr1_155592576_T_C,GBA,False,0.9972791,0.07734108,2943,58982
chr4_3705410_G_C,HTT,False,0.9972791,0.092624664,686,36014
chr12_39998922_G_C,LRRK2,False,0.9972791,0.16573143,225,9691
chr1_155512309_C_T,GBA,False,0.9972791,0.14374352,4282,62942
chr4_89938128_G_A,SNCA,False,0.9972791,0.26502895,261,8107
chr4_3534385_T_C,HTT,False,0.9972791,0.16734385,1264,32054
chr4_90168797_A_G,SNCA,False,0.9972791,0.23584652,502,8503
chr1_154938454_T_C,GBA,False,0.9972791,0.13313961,2740,58982
chr12_40107528_C_G,LRRK2,False,0.9972791,0.12572193,624,9691
chr12_40385809_C_G,LRRK2,False,0.9972791,0.03501892,225,8899
chr4_3278379_G_A,HTT,False,0.9972791,0.31247234,846,29678
chr12_40575616_A_G,LRRK2,False,0.9972791,0.3561902,832,18590
chr12_40602545_A_G,LRRK2,False,0.9972791,0.4464507,308,17798
chr4_89736035_C_T,SNCA,True,0.9972791,0.17426682,394,8107
chr4_3470623_C_G,HTT,False,0.9972791,0.29354095,2894,32846
chr1_154836777_C_T,GBA,False,0.9972791,0.2948823,3452,61358
chr4_3613345_C_G,HTT,False,0.9972791,0.24540901,738,32846
chr12_40736591_A_G,LRRK2,False,0.9972791,0.3323903,2024,16214
chr12_40051957_G_A,LRRK2,False,0.9972791,0.15646839,137,10087
chr12_40210806_C_A,LRRK2,False,0.9972791,0.6668377,313,9295
chr12_40639062_T_C,LRRK2,False,0.9972791,0.3034215,5370,17006
chr12_40385117_G_C,LRRK2,False,0.9972791,0.09191418,162,8899
chr4_3504455_A_G,HTT,False,0.9972791,0.11176491,2022,32054
chr4_3662292_C_T,HTT,False,0.9972791,0.06982708,1880,35222
chr4_3512968_A_G,HTT,False,0.9972791,0.21377897,714,32054
chr12_40124539_C_T,LRRK2,False,0.9972791,0.22380304,399,9691
chr4_3603111_G_A,HTT,False,0.9972791,0.24315834,1054,32054
chr4_3516720_T_C,HTT,False,0.9972157,0.091789484,464,32054
chr4_3626110_G_C,HTT,False,0.9972157,0.2254467,885,32846
chr12_40184073_C_A,LRRK2,False,0.9972157,0.14566612,404,8899
chr4_3600589_T_C,HTT,False,0.9972157,0.22076702,840,32054
chr12_40169673_T_A,LRRK2,False,0.9972157,0.055428028,328,8899
chr12_40141316_A_G,LRRK2,False,0.9972157,0.33968163,477,9295
chr1_154809624_T_A,GBA,False,0.9972157,0.18682241,2710,62150
chr4_3726464_G_T,HTT,False,0.9972157,0.123613834,2024,37598
chr1_154836483_C_T,GBA,False,0.9972157,0.113675594,2726,62150
chr12_40611999_C_G,LRRK2,False,0.9972157,0.06368303,306,17798
chr4_3476954_A_T,HTT,False,0.9972157,0.17393064,1396,32846
chr12_40640613_A_G,LRRK2,False,0.9972157,0.11737549,774,17006
chr4_3489130_C_T,HTT,False,0.9972157,0.086604595,1618,32054
chr1_154811601_A_G,GBA,False,0.9972157,0.09065485,3459,62150
chr4_89941221_G_A,SNCA,False,0.9972157,0.40553904,374,8107
chr1_155308172_C_T,GBA,False,0.9972157,0.42463875,3280,58982
chr12_40474022_T_C,LRRK2,False,0.9972157,0.1695528,485,9295
chr1_154894894_G_A,GBA,False,0.9972157,0.11705685,2234,59774
chr4_3270255_G_C,HTT,False,0.9972157,0.40272808,3176,29678
chr1_154906238_G_C,GBA,False,0.9972157,0.11887741,3118,58982
chr4_3644933_G_A,HTT,False,0.9972157,0.13453293,1996,34430
chr4_3598160_T_C,HTT,False,0.9972157,0.10464978,1534,32846
chr4_3582117_T_G,HTT,False,0.9972157,0.11693668,1460,32054
chr1_154908985_G_A,GBA,False,0.9972157,0.04778576,3650,59774
chr4_3598139_T_C,HTT,False,0.9972157,0.06081438,1530,32846
chr4_90155711_G_A,SNCA,False,0.9972157,0.2711692,1893,8107
chr1_155101220_T_A,GBA,False,0.9972157,0.17128754,1794,56606
chr12_40702677_T_C,LRRK2,False,0.9972157,3.2740028,710,17006
chr12_40258718_T_C,LRRK2,True,0.9972157,0.5887885,478,9295
chr4_89714455_C_T,SNCA,False,0.9972157,0.15729284,500,8107
chr1_155073475_G_A,GBA,False,0.9971508,0.12759876,2250,58982
chr4_3728776_C_G,HTT,False,0.9971508,0.40415668,1290,37598
chr1_155531223_T_C,GBA,False,0.9971508,0.17898774,4830,62150
chr1_154807366_C_T,GBA,False,0.9971508,0.19677663,4030,62150
chr4_3598156_C_T,HTT,False,0.9971508,0.07306385,836,32846
chr1_155082156_G_C,GBA,False,0.9971508,0.2592268,3746,58190
chr12_40009160_G_A,LRRK2,False,0.9971508,0.47936952,261,9691
chr1_155655811_G_T,GBA,False,0.9971508,0.04067421,3376,57398
chr1_155489364_C_T,GBA,False,0.9971508,0.08762622,3010,65318
chr12_39748016_C_T,LRRK2,False,0.9971508,0.21276999,2530,9691
chr4_3372448_A_G,HTT,False,0.9971508,0.23039818,964,28886
chr4_3500108_C_A,HTT,False,0.9971508,0.10109806,1430,32054
chr4_2820562_C_A,HTT,False,0.9971508,0.112244606,952,30470
chr4_2781713_T_A,HTT,False,0.9971508,0.09614539,410,29678
chr1_155464151_T_C,GBA,False,0.9971508,0.5755124,3872,66110
chr4_89823119_A_G,SNCA,True,0.9971508,0.21402645,267,8107
chr12_40237989_T_C,LRRK2,True,0.9971508,0.11436272,935,9295
chr4_3365141_G_C,HTT,False,0.9971508,0.10637188,352,28094
chr12_40171496_C_A,LRRK2,False,0.9971508,0.117111206,197,8899
chr1_155386573_T_C,GBA,False,0.9971508,0.21992207,2388,62150
chr4_89823953_A_G,SNCA,True,0.9971508,0.13688755,492,8107
chr1_155460710_G_C,GBA,False,0.9971508,0.086185455,3812,67694
chr4_3467156_C_T,HTT,False,0.9971508,0.08787632,1118,32846
chr12_40164898_A_G,LRRK2,False,0.9971508,0.40314484,430,8503
chr1_154842336_C_T,GBA,False,0.9971508,0.11629677,4036,61358
chr1_154841512_G_A,GBA,False,0.9971508,0.053675175,3678,61358
chr12_40450448_G_A,LRRK2,False,0.9971508,0.06514931,359,8899
chr4_90020780_T_C,SNCA,False,0.9971508,0.07354164,266,8107
chr4_90113906_T_C,SNCA,False,0.9970844,0.25091076,1319,8107
chr12_40196536_C_G,LRRK2,False,0.9970844,0.21757603,86,8899
chr4_3513871_G_A,HTT,False,0.9970844,0.11645889,1344,32054
chr4_3587282_A_G,HTT,False,0.9970844,0.28703475,890,33638
chr4_3512510_A_C,HTT,False,0.9970844,0.36639786,2350,32054
chr4_3372812_C_T,HTT,False,0.9970844,0.7933428,758,28886
chr4_2813725_A_G,HTT,False,0.9970844,0.17961788,1026,31262
chr4_2784940_C_A,HTT,False,0.9970844,0.13421202,512,29678
chr4_3586695_T_C,HTT,False,0.9970844,0.21635413,1248,33638
chr12_40263969_C_G,LRRK2,True,0.9970844,0.4770646,749,9295
chr12_40149931_A_G,LRRK2,False,0.9970844,0.23958015,505,8899
chr4_3296016_C_T,HTT,False,0.9970844,0.298285,914,28886
chr4_90173178_G_A,SNCA,False,0.9970844,0.21950722,457,8503
chr12_40155161_T_G,LRRK2,False,0.9970844,0.11665058,470,8503
chr12_40337704_G_C,LRRK2,True,0.9970844,0.43178463,336,9295
chr4_3493411_G_T,HTT,False,0.9970844,0.05805111,904,32054
chr1_155728854_T_A,GBA,False,0.9970844,0.25908256,3092,55814
chr4_3532033_G_A,HTT,False,0.9970844,0.066898346,1086,32054
chr4_90092232_A_G,SNCA,False,0.9970844,0.34556913,271,8107
chr12_40504992_A_T,LRRK2,False,0.9970844,0.3381405,418,18590
chr1_154877295_G_A,GBA,False,0.9970844,0.07770538,2506,59774
chr4_89771317_T_C,SNCA,True,0.9970844,0.2707026,395,8107
chr4_3724145_C_A,HTT,False,0.9970844,0.27104425,1570,37598
chr12_40597416_G_A,LRRK2,False,0.9970844,0.2553301,1116,17798
chr1_154844944_T_C,GBA,False,0.9970844,0.18078232,3336,61358
chr4_89855194_C_T,SNCA,False,0.9970844,0.4011078,161,8107
chr12_40672107_C_G,LRRK2,False,0.9970844,0.14211845,855,17006
chr4_89846258_T_C,SNCA,False,0.9970844,0.3277154,415,8107
chr1_155166366_G_A,GBA,False,0.9970844,0.18572378,2310,57398
chr1_154870871_C_T,GBA,False,0.9970844,0.18296003,2548,59774
chr4_89744512_C_T,SNCA,True,0.9970844,0.13593006,201,8107
chr4_89833185_C_A,SNCA,True,0.9970844,0.26404,199,7711
chr1_155507262_A_G,GBA,False,0.99701643,0.24693942,2696,62942
chr1_154845211_C_T,GBA,False,0.99701643,0.10527396,3368,61358
chr4_3643869_G_A,HTT,False,0.99701643,0.06387234,2290,34430
chr4_3508871_G_A,HTT,False,0.99701643,0.18312263,2688,32054
chr5_71075308_C_G,SMN1,False,0.99701643,0.2722628,2606,26510
chr12_40573728_T_C,LRRK2,False,0.99701643,0.34034967,570,18590
chr12_40494898_A_T,LRRK2,False,0.99701643,0.041722536,294,18590
chr4_89815434_C_T,SNCA,True,0.99701643,0.13049698,368,8107
chr4_3489777_G_A,HTT,False,0.99701643,0.12485838,2650,32054
chr1_154825677_G_T,GBA,False,0.99701643,0.13324594,2484,61358
chr12_40159483_A_T,LRRK2,False,0.99701643,0.061047554,155,8503
chr4_90056679_C_A,SNCA,False,0.99701643,0.49794483,701,8107
chr12_40162361_T_C,LRRK2,False,0.99701643,0.13738155,285,8503
chr12_40168640_A_G,LRRK2,False,0.99701643,0.32072353,549,8899
chr4_3596982_G_A,HTT,False,0.99701643,0.041297436,982,32846
chr1_155634808_G_A,GBA,False,0.99701643,0.25844073,9838,58982
chr12_40385914_T_C,LRRK2,False,0.99701643,0.6760807,377,8899
chr4_3309467_G_T,HTT,False,0.99701643,0.14106846,2250,28886
chr4_2827044_T_G,HTT,False,0.99701643,0.072062016,1058,30470
chr4_3289967_G_A,HTT,False,0.99701643,0.122285366,1308,28886
chr4_3595865_T_G,HTT,False,0.99701643,0.106095314,542,32846
chr4_3435461_A_C,HTT,False,0.99701643,0.063679695,886,33638
chr4_2949582_C_T,HTT,False,0.99701643,0.08671188,932,30470
chr4_3014327_C_T,HTT,False,0.99694693,0.095078945,908,28886
chr12_40493152_C_T,LRRK2,False,0.99694693,0.09500456,1172,18590
chr12_40534772_C_T,LRRK2,False,0.99694693,0.1958623,508,18590
chr4_3498726_C_G,HTT,False,0.99694693,0.2655506,1116,32054
chr4_90268943_G_A,SNCA,False,0.99694693,0.053663254,298,7315
chr12_40199874_T_C,LRRK2,False,0.99694693,0.27577496,88,8899
chr1_154943630_G_A,GBA,False,0.99694693,0.35949373,3612,58190
chr12_40590628_G_A,LRRK2,False,0.99694693,0.1810317,670,18590
chr4_3229246_G_A,HTT,True,0.99694693,0.10853195,730,28094
chr1_154847208_C_T,GBA,False,0.99694693,0.5354762,2712,60566
chr12_40602003_G_T,LRRK2,False,0.99694693,0.06025195,184,17798
chr12_40168570_C_G,LRRK2,False,0.99694693,0.19922781,249,8899
chr4_90168793_T_C,SNCA,False,0.99694693,0.21781695,466,8503
chr12_40239686_G_A,LRRK2,True,0.99694693,0.060144424,104,9295
chr4_3624670_G_A,HTT,False,0.99694693,0.11113167,4580,32846
chr4_3366846_G_A,HTT,False,0.99694693,0.1577959,1680,28886
chr4_90131739_T_C,SNCA,False,0.99694693,0.07297325,430,8107
chr4_3593370_C_T,HTT,False,0.99694693,0.06747937,1456,32846
chr5_71317745_A_G,SMN1,False,0.99694693,0.36953044,2536,25718
chr12_40711499_C_T,LRRK2,False,0.99694693,0.27667212,1146,17006
chr12_40478368_C_G,LRRK2,False,0.99694693,0.28101254,301,9295
chr4_89962818_G_A,SNCA,False,0.99694693,0.10926056,386,8107
chr12_40714132_T_G,LRRK2,False,0.99694693,0.055519104,960,17006
chr4_3534848_G_C,HTT,False,0.99694693,0.30155897,968,32054
chr1_155641694_G_C,GBA,False,0.99694693,0.2097292,2362,58982
chr1_155543010_T_A,GBA,False,0.99694693,0.1305039,2438,62150
chr4_3500576_G_C,HTT,False,0.99687576,0.15250015,1926,32054
chr4_3487265_A_G,HTT,False,0.99687576,0.1427393,2060,32846
chr12_40553456_T_A,LRRK2,False,0.99687576,0.106755495,702,18590
chr12_40490259_C_T,LRRK2,False,0.99687576,0.11976051,735,9295
chr1_154845927_A_G,GBA,False,0.99687576,0.11945915,3166,60566
chr12_40551396_G_A,LRRK2,False,0.99687576,0.20663118,312,18590
chr12_40661810_C_T,LRRK2,False,0.99687576,0.40223467,424,17006
chr4_90168814_C_T,SNCA,False,0.99687576,0.26540732,254,8503
chr4_3285325_C_A,HTT,False,0.99687576,0.2739029,358,28886
chr4_90188777_A_G,SNCA,False,0.99687576,0.11086655,355,8503
chr12_40504943_C_G,LRRK2,False,0.99687576,0.15790844,496,18590
chr4_89818104_A_G,SNCA,True,0.99687576,0.17510939,236,8107
chr12_40152644_A_G,LRRK2,False,0.99687576,0.10973501,203,8503
chr4_3487028_G_A,HTT,False,0.99687576,1.5236654,1264,32846
chr4_3582646_C_T,HTT,False,0.99687576,0.063246965,806,32054
chr4_3308790_C_T,HTT,False,0.99687576,0.20671272,966,28886
chr4_3662098_A_C,HTT,False,0.99687576,0.16243935,1226,35222
chr4_3309609_T_C,HTT,False,0.99687576,0.16477823,1612,28886
chr4_3591538_G_A,HTT,False,0.99687576,0.036414146,1276,32846
chr4_3374041_G_A,HTT,False,0.99687576,0.10691452,922,28886
chr4_3598626_C_T,HTT,False,0.99687576,0.4268713,1766,32846
chr5_71202351_C_T,SMN1,False,0.99687576,0.26243043,1044,26510
chr4_89531129_A_C,SNCA,False,0.99687576,0.53950787,383,9295
chr4_3378353_G_A,HTT,False,0.99687576,0.25355744,844,29678
chr4_90160128_G_A,SNCA,False,0.99687576,0.1916995,279,8503
chr12_40559132_A_G,LRRK2,False,0.99687576,0.3169849,712,18590
chr12_40620733_C_T,LRRK2,False,0.99687576,0.24037015,1578,17798
chr4_3600382_G_A,HTT,False,0.99687576,0.059934616,616,32054
chr4_2878167_C_G,HTT,False,0.99687576,0.13195372,1668,28886
chr12_40586071_A_G,LRRK2,False,0.99687576,0.18228722,968,18590
chr1_155713079_C_T,GBA,False,0.99687576,0.20095539,2254,55814
chr4_89401417_T_A,SNCA,False,0.99687576,0.15044975,259,8899
chr4_3584101_C_A,HTT,False,0.996803,0.18445396,802,33638
chr12_40377618_G_T,LRRK2,False,0.996803,0.22298908,205,8899
chr12_40216081_G_A,LRRK2,False,0.996803,0.63832426,410,9295
chr1_154833347_C_A,GBA,False,0.996803,0.38870144,3742,61358
chr12_40511351_C_T,LRRK2,False,0.996803,0.16915798,462,18590
chr12_40161807_C_G,LRRK2,False,0.996803,0.032942772,125,8503
chr4_3704093_G_A,HTT,False,0.996803,0.15009403,1356,36014
chr12_40369850_G_T,LRRK2,False,0.996803,0.09982586,179,8899
chr4_2959449_C_T,HTT,False,0.996803,0.061821938,1482,30470
chr4_89962171_C_T,SNCA,False,0.996803,0.058184862,134,8107
chr1_155313038_A_G,GBA,False,0.996803,0.11406374,2574,58982
chr4_3653692_A_G,HTT,False,0.996803,0.12802458,1288,35222
chr4_90102322_A_G,SNCA,False,0.996803,0.14861917,364,8107
chr4_89824982_T_C,SNCA,True,0.996803,0.09460497,296,8107
chr4_3703601_C_T,HTT,False,0.996803,0.09616089,942,36014
chr12_40641572_G_A,LRRK2,False,0.996803,0.16396618,1734,17006
chr4_89587189_T_G,SNCA,False,0.996803,0.36865854,524,9295
chr12_40363731_A_G,LRRK2,True,0.996803,0.08093166,221,8899
chr12_40568345_T_C,LRRK2,False,0.996803,0.50356054,1242,18590
chr12_40344030_T_C,LRRK2,True,0.996803,0.65971017,579,9295
chr12_40128532_C_T,LRRK2,False,0.996803,0.11774588,283,9691
chr1_154799733_G_A,GBA,False,0.996803,0.19924688,4578,62150
chr4_90135393_A_T,SNCA,False,0.996803,0.08585191,353,8107
chr4_3602293_C_T,HTT,False,0.996803,0.27236795,1708,32054
chr12_40440403_A_G,LRRK2,False,0.996803,0.6377888,659,8899
chr4_3505521_C_G,HTT,False,0.996803,0.46206093,1220,32054
chr12_40164983_A_G,LRRK2,False,0.9967285,0.12336874,220,8503
chr4_3719985_G_T,HTT,False,0.9967285,0.09504032,950,36014
chr12_40492058_T_C,LRRK2,False,0.9967285,0.66872835,1615,9295
chr12_40174404_G_A,LRRK2,False,0.9967285,0.34142447,509,8899
chr4_3583339_G_T,HTT,False,0.9967285,0.19780135,1066,33638
chr12_40568003_T_C,LRRK2,False,0.9967285,0.17030382,658,18590
chr12_40392301_T_C,LRRK2,False,0.9967285,0.38515186,618,8899
chr12_40552688_A_T,LRRK2,False,0.9967285,0.081288576,352,18590
chr4_3598011_T_G,HTT,False,0.9967285,0.10138321,522,32846
chr4_3534275_A_C,HTT,False,0.9967285,0.14622486,1230,32054
chr12_40111164_G_A,LRRK2,False,0.9967285,0.2599349,220,9691
chr4_89967551_T_G,SNCA,False,0.9967285,0.6072111,588,8107
chr12_40020314_A_T,LRRK2,False,0.9967285,0.25916147,686,9691
chr12_40001958_G_A,LRRK2,False,0.9967285,0.07614565,387,9691
chr4_90104699_T_G,SNCA,False,0.9967285,0.17092276,383,8107
chr4_90315948_G_C,SNCA,False,0.9967285,0.0420537,169,6919
chr4_2788290_C_T,HTT,False,0.9967285,0.5043678,862,29678
chr12_40591814_G_A,LRRK2,False,0.9967285,0.073681116,390,18590
chr12_40728486_C_T,LRRK2,False,0.9967285,0.10040188,596,16214
chr12_40609149_G_C,LRRK2,False,0.9967285,0.40580082,696,17798
chr4_89835040_C_T,SNCA,True,0.9967285,0.32284355,347,7711
chr12_40160253_C_T,LRRK2,False,0.9967285,0.07461929,348,8503
chr12_40467898_A_G,LRRK2,False,0.9967285,0.040211678,152,9295
chr4_89715390_C_T,SNCA,False,0.99665225,0.099061966,337,8107
chr12_40713981_G_A,LRRK2,False,0.99665225,0.5726528,306,17006
chr1_155446537_G_A,GBA,False,0.99665225,0.11486435,2830,66902
chr1_155614146_A_G,GBA,False,0.99665225,0.15952015,2514,58190
chr12_40194335_G_C,LRRK2,False,0.99665225,0.034749508,162,8899
chr12_40389101_G_A,LRRK2,False,0.99665225,0.12313175,157,8899
chr12_40081076_A_G,LRRK2,False,0.99665225,0.38938951,716,9691
chr4_90149826_G_A,SNCA,False,0.99665225,0.0760479,235,8107
chr4_3442866_G_A,HTT,False,0.99665225,0.1471777,1004,33638
chr4_89922358_A_G,SNCA,False,0.99665225,0.24325371,208,8107
chr12_40539895_A_G,LRRK2,False,0.99665225,0.16040897,2082,18590
chr4_3726523_C_G,HTT,False,0.99665225,0.15030193,2058,37598
chr12_40373020_G_A,LRRK2,False,0.99665225,0.077533245,289,8899
chr12_40390888_C_G,LRRK2,False,0.99665225,0.24777246,554,8899
chr5_71156836_T_C,SMN1,False,0.99665225,0.3551631,5612,25718
chr12_40060776_G_T,LRRK2,False,0.99665225,0.2674346,352,10087
chr4_3491618_A_G,HTT,False,0.99665225,0.078449726,840,32054
chr4_3015791_T_C,HTT,False,0.99665225,0.1267848,1212,28886
chr12_40296259_A_G,LRRK2,True,0.99665225,0.060768127,162,9295
chr4_3596866_T_C,HTT,False,0.99665225,0.10654807,2158,32846
chr4_3474364_A_G,HTT,False,0.99665225,0.43344545,2412,32846
chr12_40485067_C_G,LRRK2,False,0.99665225,0.16192341,197,9295
chr12_40670950_T_G,LRRK2,False,0.99665225,0.2162838,930,17006
chr12_40236095_A_G,LRRK2,True,0.99665225,0.46232033,723,9295
chr1_155457897_G_A,GBA,False,0.99665225,0.061922073,3326,67694
chr4_2820948_C_T,HTT,False,0.99665225,0.11533737,402,30470
chr4_90171787_A_G,SNCA,False,0.99665225,0.5594559,491,8503
chr4_3467716_A_G,HTT,False,0.99665225,0.09291124,878,32846
chr12_40641251_T_G,LRRK2,False,0.99665225,0.0927701,134,17006
chr1_155744082_T_C,GBA,False,0.99665225,0.15797043,2348,52646
chr12_40567813_G_A,LRRK2,False,0.99665225,0.20808458,482,18590
chr4_2818648_C_G,HTT,False,0.9965742,0.20366383,372,31262
chr4_90097490_C_T,SNCA,False,0.9965742,0.30880642,187,8107
chr4_3268178_A_G,HTT,False,0.9965742,0.41979408,3666,29678
chr12_40266292_C_A,LRRK2,True,0.9965742,0.18101883,231,9295
chr12_40089580_T_G,LRRK2,False,0.9965742,0.24997807,473,9691
chr4_3643751_A_T,HTT,False,0.9965742,0.14550996,2348,34430
chr4_3272487_T_C,HTT,False,0.9965742,0.5986657,874,29678
chr12_40376116_G_A,LRRK2,False,0.9965742,0.12521029,152,8899
chr12_40292521_A_C,LRRK2,True,0.9965742,0.21404266,565,9295
chr12_40059479_A_C,LRRK2,False,0.9965742,0.5329981,434,10087
chr12_40152934_G_A,LRRK2,False,0.9965742,0.21721601,457,8503
chr12_40146787_A_T,LRRK2,False,0.9965742,0.2199974,167,8899
chr4_90271864_T_A,SNCA,False,0.9965742,0.37131453,250,7315
chr5_71164770_C_T,SMN1,False,0.9965742,0.664063,138,25718
chr4_3469167_G_A,HTT,False,0.9965742,0.21309853,1214,32846
chr4_2797098_G_T,HTT,False,0.9965742,0.70820713,302,30470
chr4_2789472_C_G,HTT,False,0.9965742,0.068291664,1156,30470
chr4_3500146_T_C,HTT,False,0.9965742,0.116882324,1498,32054
chr12_40169735_G_C,LRRK2,False,0.9965742,0.14676714,255,8899
chr12_40576552_G_C,LRRK2,False,0.9965742,0.046962976,826,18590
chr4_89950410_C_T,SNCA,False,0.9965742,0.38538885,223,8107
chr12_40190024_T_C,LRRK2,False,0.9965742,0.07467461,325,8899
chr4_3726358_G_C,HTT,False,0.9965742,0.17224216,4658,37598
chr1_154895579_G_T,GBA,False,0.9964944,0.37921095,4130,60566
chr1_155575555_C_T,GBA,False,0.9964944,0.20776701,2716,61358
chr1_154886562_G_C,GBA,False,0.9964944,0.35462475,4068,59774
chr12_40369814_C_T,LRRK2,False,0.9964944,0.10391569,516,8899
chr4_3271383_C_T,HTT,False,0.9964944,0.31107855,1028,29678
chr12_40368501_G_C,LRRK2,True,0.9964944,0.044148445,238,8899
chr4_3594700_T_C,HTT,False,0.9964944,0.08682537,1270,32846
chr4_2979245_A_C,HTT,False,0.9964944,0.08908665,988,29678
chr4_3645119_C_T,HTT,False,0.9964944,0.2228651,1022,34430
chr1_155566646_A_G,GBA,False,0.9964944,0.14146328,3876,62150
chr4_3471412_A_G,HTT,False,0.9964944,0.08653927,1310,32846
chr12_40010046_C_T,LRRK2,False,0.9964944,0.6606059,233,9691
chr12_40061516_G_A,LRRK2,False,0.9964944,0.24311662,215,10087
chr12_40496800_T_C,LRRK2,False,0.9964944,0.18011665,678,18590
chr4_3613343_T_C,HTT,False,0.9964944,0.32384682,958,32846
chr12_40634152_T_G,LRRK2,False,0.9964944,1.8964205,1158,17006
chr4_2780732_T_A,HTT,False,0.9964944,0.15918636,296,29678
chr4_89826056_C_T,SNCA,True,0.9964944,0.19234371,104,8107
chr1_154842062_C_G,GBA,False,0.9964944,0.17214966,3952,61358
chr4_89703442_T_C,SNCA,False,0.9964944,0.21791649,641,8107
chr1_154842575_T_C,GBA,False,0.9964944,0.15607548,2268,61358
chr4_3690255_G_T,HTT,False,0.9964944,0.20862341,1656,35222
chr4_3628558_G_A,HTT,False,0.9964944,0.15078354,868,33638
chr4_3429043_G_C,HTT,False,0.9964944,0.17666626,2080,32054
chr4_3702921_T_C,HTT,False,0.9964944,0.088945985,1458,36014
chr4_3421715_C_T,HTT,False,0.9964944,0.49095535,920,31262
chr4_3520212_T_A,HTT,False,0.9964944,0.050983906,1294,32054
chr1_155458685_C_A,GBA,False,0.9964944,0.13877964,3748,67694
chr4_3522381_G_C,HTT,False,0.9964944,0.051405907,1198,32054
chr1_154877003_G_C,GBA,False,0.9964944,0.59980774,2372,59774
chr4_89826032_G_A,SNCA,True,0.9964944,0.07674217,213,8107
chr12_40216916_G_A,LRRK2,False,0.9964944,0.05719948,415,9295
chr12_40540224_C_G,LRRK2,False,0.9964944,0.23733473,5070,18590
chr12_40215078_C_T,LRRK2,False,0.9964944,1.59972,396,9295
chr12_40665345_A_G,LRRK2,False,0.9964944,0.09871769,812,17798
chr1_155457271_T_A,GBA,False,0.9964944,0.06987953,4712,67694
chr4_89803718_G_A,SNCA,True,0.9964944,0.7446284,179,8107
chr4_3500197_A_G,HTT,False,0.99641275,0.053567886,820,32054
chr12_40132696_G_A,LRRK2,False,0.99641275,0.23387527,183,9691
chr4_90328207_A_G,SNCA,False,0.99641275,0.3024435,958,6919
chr12_40733624_G_A,LRRK2,False,0.99641275,0.07296181,900,16214
chr12_40770720_C_T,LRRK2,False,0.99641275,0.22989464,400,14630
chr12_40064582_C_T,LRRK2,False,0.99641275,0.2393384,241,9691
chr4_3271372_G_A,HTT,False,0.99641275,0.43144846,652,29678
chr4_3265615_G_A,HTT,False,0.99641275,0.14785862,330,29678
chr12_40662941_G_T,LRRK2,False,0.99641275,0.08889723,368,17006
chr12_40146797_A_T,LRRK2,False,0.99641275,0.21968651,176,8899
chr4_3722040_C_G,HTT,False,0.99641275,0.0751276,1006,36014
chr4_90156915_T_A,SNCA,False,0.99641275,0.31140566,2455,8107
chr4_3273757_C_T,HTT,False,0.99641275,0.7444587,1982,29678
chr12_40289542_A_C,LRRK2,True,0.99641275,0.18126774,255,9295
chr1_154887105_A_C,GBA,False,0.99641275,0.6591418,3254,59774
chr4_90155715_C_A,SNCA,False,0.99641275,0.19236493,510,8107
chr4_3637579_C_T,HTT,False,0.99641275,0.39822674,1192,34430
chr4_89825068_T_C,SNCA,True,0.99641275,0.09597969,446,8107
chr4_3309484_G_T,HTT,False,0.99641275,0.4419012,616,28886
chr4_3408918_G_A,HTT,False,0.99641275,0.5030713,1994,30470
chr12_40188016_C_A,LRRK2,False,0.99641275,0.32675028,189,8899
chr12_40152528_T_C,LRRK2,False,0.99641275,0.19437742,392,8503
chr12_40714346_C_A,LRRK2,False,0.99641275,0.11147642,196,17006
chr5_71287959_T_C,SMN1,False,0.99641275,0.3196181,510,26510
chr4_89704988_G_A,SNCA,False,0.99641275,0.22226286,348,8107
chr12_40691004_T_G,LRRK2,False,0.99641275,0.35386968,1574,17006
chr4_89819727_G_A,SNCA,True,0.99641275,0.52654123,355,8107
chr4_3474334_C_T,HTT,False,0.99641275,0.30847502,1234,32846
chr12_40103293_C_T,LRRK2,False,0.99641275,0.17320347,173,9691
chr12_40705890_G_A,LRRK2,False,0.99641275,0.42636204,366,17006
chr4_2765691_T_C,HTT,False,0.99641275,0.12401116,600,32054
chr4_3657015_G_A,HTT,False,0.99641275,0.23182535,1010,35222
chr4_2780473_T_A,HTT,False,0.99641275,0.27384496,2594,29678
chr4_3716453_C_G,HTT,False,0.99641275,0.04887438,724,36014
chr4_3654018_C_A,HTT,False,0.99641275,0.4574194,2708,35222
chr4_89830504_T_C,SNCA,True,0.99641275,0.17065048,496,8107
chr12_40452520_G_A,LRRK2,False,0.99641275,0.44498014,379,8899
chr1_155675515_G_A,GBA,False,0.99641275,0.15734863,2690,56606
chr4_89967853_T_G,SNCA,False,0.99641275,0.11985111,1762,8107
chr12_40368129_A_C,LRRK2,True,0.99641275,0.13387537,614,8899
chr1_155445390_G_A,GBA,False,0.99641275,0.105353355,3512,66902
chr4_89921820_A_C,SNCA,False,0.99641275,0.21879244,624,8107
chr1_154873008_G_T,GBA,False,0.9963292,0.25144768,2462,59774
chr4_3058536_A_G,HTT,False,0.9963292,0.30222726,978,28886
chr12_40445665_A_G,LRRK2,False,0.9963292,0.451272,552,8899
chr4_90108362_A_G,SNCA,False,0.9963292,0.13077044,395,8107
chr1_155443139_A_G,GBA,False,0.9963292,0.10304308,3698,66902
chr1_154877969_G_A,GBA,False,0.9963292,0.090227604,1930,59774
chr4_2836036_G_C,HTT,False,0.9963292,0.18919563,1004,30470
chr4_3493719_C_T,HTT,False,0.9963292,0.10339022,1236,32054
chr12_40298741_C_T,LRRK2,True,0.9963292,0.15868425,561,9295
chr4_3523330_G_A,HTT,False,0.9963292,0.16425896,1606,32054
chr4_3608316_A_G,HTT,False,0.9963292,0.1377883,1212,32846
chr12_40259911_C_T,LRRK2,True,0.9963292,0.058495045,356,9295
chr4_3598171_G_A,HTT,False,0.9963292,0.05815029,1022,32846
chr4_89715042_T_C,SNCA,False,0.9963292,0.1305604,316,8107
chr4_2775679_T_A,HTT,False,0.9963292,0.1039629,758,29678
chr4_89797239_G_C,SNCA,True,0.9963292,1.2872639,556,8107
chr4_3592695_T_C,HTT,False,0.9963292,0.1266985,568,32846
chr4_90178979_G_T,SNCA,False,0.9963292,0.3982563,291,8503
chr4_2790389_T_C,HTT,False,0.9963292,0.22540045,784,30470
chr4_90165989_G_A,SNCA,False,0.9963292,0.32347727,125,8503
chr12_40471996_G_C,LRRK2,False,0.9963292,0.040691853,294,9295
chr4_3649903_T_C,HTT,False,0.9963292,0.06262398,848,34430
chr12_40386899_C_A,LRRK2,False,0.9963292,0.037832737,189,8899
chr1_154861502_T_G,GBA,False,0.9963292,0.28903866,3348,60566
chr4_89818511_A_C,SNCA,True,0.9963292,0.22827435,404,8107
chr4_3332887_C_T,HTT,False,0.9963292,0.12277269,884,28886
chr12_40660477_G_A,LRRK2,False,0.9963292,0.6130471,724,17006
chr4_3328062_A_G,HTT,False,0.9963292,0.81251717,1786,28886
chr12_40659120_A_C,LRRK2,False,0.9963292,0.42968082,1750,17006
chr4_2634386_A_G,HTT,False,0.9963292,0.27995777,936,32846
chr1_154826080_C_A,GBA,False,0.9963292,0.28442478,2540,61358
chr12_40705845_G_T,LRRK2,False,0.9963292,0.3662796,532,17006
chr4_89716450_G_A,SNCA,False,0.99624366,0.07884717,247,8107
chr12_40552879_T_C,LRRK2,False,0.99624366,0.43241215,476,18590
chr12_40641295_A_C,LRRK2,False,0.99624366,0.16992474,846,17006
chr4_3288464_A_G,HTT,False,0.99624366,0.1260562,652,28886
chr12_40486052_G_T,LRRK2,False,0.99624366,0.112475395,195,9295
chr4_2839513_T_C,HTT,False,0.99624366,0.07753372,508,30470
chr12_40374195_G_A,LRRK2,False,0.99624366,0.13483238,267,8899
chr4_89401421_T_A,SNCA,False,0.99624366,0.34701717,394,8899
chr4_3522580_C_G,HTT,False,0.99624366,0.048968315,472,32054
chr12_40271425_G_C,LRRK2,True,0.99624366,0.047774076,161,9295
chr4_3305263_G_A,HTT,False,0.99624366,0.32688665,1152,28886
chr4_2840045_C_T,HTT,False,0.99624366,0.17577839,832,30470
chr4_3574644_G_A,HTT,False,0.99624366,0.087316036,1124,32054
chr4_2772270_C_T,HTT,False,0.99624366,0.09615755,496,30470
chr4_90100561_G_A,SNCA,False,0.99624366,0.107400894,264,8107
chr12_40357182_A_G,LRRK2,True,0.99624366,0.2262764,780,8899
chr4_90088564_G_T,SNCA,False,0.99624366,0.13203287,60,8107
chr12_40208422_T_G,LRRK2,False,0.99624366,0.33412218,562,9295
chr12_40703584_G_T,LRRK2,False,0.99624366,0.33315086,1060,17006
chr4_2785324_A_G,HTT,False,0.99624366,0.12142658,676,29678
chr12_40709724_A_G,LRRK2,False,0.99624366,0.16273022,460,17006
chr12_40564830_G_C,LRRK2,False,0.99624366,0.14823437,772,18590
chr12_40220799_C_T,LRRK2,False,0.99624366,0.10209417,332,9295
chr4_3708673_G_A,HTT,False,0.99624366,0.10731983,1972,36014
chr4_89815772_G_A,SNCA,True,0.99624366,0.34768867,494,8107
chr4_3591345_T_C,HTT,False,0.99624366,0.10405445,698,32846
chr12_40294893_T_C,LRRK2,True,0.99624366,0.3891766,1042,9295
chr12_40120934_C_T,LRRK2,False,0.99624366,0.085074425,231,9691
chr4_90045032_T_A,SNCA,False,0.99624366,0.08325219,193,8107
chr12_40299999_C_G,LRRK2,True,0.99624366,0.19303846,512,9295
chr4_3496897_G_A,HTT,False,0.99624366,0.12983513,800,32054
chr12_40574411_A_G,LRRK2,False,0.99624366,0.18072414,390,18590
chr4_3586356_T_C,HTT,False,0.99624366,0.16502476,1752,33638
chr4_3508787_T_C,HTT,False,0.99624366,1.1900468,1224,32054
chr4_3660559_G_C,HTT,False,0.99615616,1.0593629,1680,35222
chr12_40246099_C_T,LRRK2,True,0.99615616,0.0750041,233,9295
chr4_2798221_C_A,HTT,False,0.99615616,0.2735529,630,30470
chr4_3328521_C_T,HTT,False,0.99615616,0.27606106,624,28886
chr4_89808451_A_G,SNCA,True,0.99615616,0.078855515,246,8107
chr12_40614939_C_T,LRRK2,False,0.99615616,0.057881355,280,17798
chr4_3608448_C_G,HTT,False,0.99615616,0.09870291,1570,32846
chr4_3495319_C_T,HTT,False,0.99615616,0.21768093,1190,32054
chr12_40437012_A_G,LRRK2,False,0.99615616,0.19586563,1243,8899
chr4_89827146_T_C,SNCA,True,0.99615616,0.34827685,549,8107
chr4_90290941_C_T,SNCA,False,0.99615616,0.080342054,81,6523
chr4_3626056_T_C,HTT,False,0.99615616,0.08567476,1030,32846
chr4_3279715_G_A,HTT,False,0.99615616,0.12873316,988,29678
chr4_3309343_C_T,HTT,False,0.99615616,0.1250906,1536,28886
chr12_40740648_T_C,LRRK2,False,0.99615616,0.14447594,934,16214
chr4_3083164_G_A,HTT,True,0.99615616,0.31560707,1908,28886
chr4_89832029_A_G,SNCA,True,0.99615616,0.06016922,164,8107
chr4_90001148_G_A,SNCA,False,0.99615616,0.5459471,145,8107
chr4_3234905_T_C,HTT,True,0.99615616,0.40842915,584,28094
chr12_40580031_G_A,LRRK2,False,0.99615616,0.4580543,582,18590
chr12_40466858_A_G,LRRK2,False,0.99615616,0.19955969,198,9295
chr1_154917835_T_G,GBA,False,0.99615616,0.24490547,2214,59774
chr4_3574568_C_T,HTT,False,0.99615616,0.16894817,1074,32054
chr1_154893617_C_T,GBA,False,0.99615616,0.12933302,3056,59774
chr4_89984507_T_C,SNCA,False,0.99615616,0.27278376,396,8107
chr4_3509769_T_C,HTT,False,0.99615616,0.0717144,564,32054
chr4_3373995_C_T,HTT,False,0.99606663,0.05813694,700,28886
chr12_40620569_G_C,LRRK2,False,0.99606663,0.24511242,1092,17798
chr12_40337804_G_A,LRRK2,True,0.99606663,0.45257807,354,9295
chr12_40479961_G_A,LRRK2,False,0.99606663,0.14173722,248,9295
chr4_90168784_G_T,SNCA,False,0.99606663,0.14317226,1612,8503
chr4_3026386_A_T,HTT,False,0.99606663,0.04248333,508,29678
chr12_40019364_T_C,LRRK2,False,0.99606663,0.45049167,534,9691
chr4_90028005_T_C,SNCA,False,0.99606663,0.17526913,721,8107
chr5_71282599_C_T,SMN1,False,0.99606663,0.18269444,94,26510
chr5_71246978_C_A,SMN1,False,0.99606663,0.05180788,240,27302
chr12_40407320_G_A,LRRK2,False,0.99606663,0.062247038,135,8899
chr4_90061894_A_T,SNCA,False,0.99606663,0.10578823,121,8107
chr12_40198699_G_T,LRRK2,False,0.99606663,0.11882448,240,8899
chr12_39950965_A_G,LRRK2,False,0.99606663,0.1004653,410,10879
chr1_155348913_C_T,GBA,False,0.99606663,0.25868607,2060,60566
chr12_40506059_G_T,LRRK2,False,0.99606663,0.14083385,980,18590
chr4_90063778_T_C,SNCA,False,0.99606663,0.65239,362,8107
chr1_154844532_C_T,GBA,False,0.99606663,0.18864965,5326,61358
chr4_2805182_A_G,HTT,False,0.99606663,1.0017729,756,31262
chr12_40239512_T_C,LRRK2,True,0.99606663,0.1687727,322,9295
chr4_3612527_G_C,HTT,False,0.99606663,1.5376177,1266,32846
chr12_40256086_G_A,LRRK2,True,0.99606663,0.081903696,293,9295
chr12_40490601_C_A,LRRK2,False,0.99606663,0.053988934,293,9295
chr4_90022354_A_T,SNCA,False,0.99606663,0.058102608,280,8107
chr1_155680036_G_C,GBA,False,0.99606663,0.06700754,2185,56606
chr4_3333174_C_T,HTT,False,0.99606663,0.18226433,728,28886
chr4_89828892_A_G,SNCA,True,0.99606663,0.19040215,198,8107
chr4_3595905_T_C,HTT,False,0.995975,0.22588062,1266,32846
chr4_3595334_G_A,HTT,False,0.995975,0.21886873,1736,32846
chr4_90336834_T_C,SNCA,False,0.995975,0.29081726,850,6919
chr4_2806752_C_T,HTT,False,0.995975,0.19413233,1034,31262
chr4_89968035_T_G,SNCA,False,0.995975,0.12624788,194,8107
chr12_40440574_C_G,LRRK2,False,0.995975,0.14185429,243,8899
chr12_40114732_C_G,LRRK2,False,0.995975,0.07117224,263,9691
chr4_3623303_C_T,HTT,False,0.995975,0.31680346,1106,32846
chr4_90054698_G_A,SNCA,False,0.995975,0.11330891,195,8107
chr4_89821306_G_A,SNCA,True,0.995975,0.098138094,129,8107
chr4_3523182_A_G,HTT,False,0.995975,0.16945314,1456,32054
chr4_89823070_C_T,SNCA,True,0.995975,0.2766285,138,8107
chr1_154911666_T_C,GBA,False,0.995975,0.12697697,2304,59774
chr12_40707247_T_C,LRRK2,False,0.995975,0.2629199,828,17006
chr4_3613366_G_T,HTT,False,0.995975,0.15158129,6066,32846
chr12_40128453_G_C,LRRK2,False,0.995975,0.19650412,712,9691
chr4_3478429_C_T,HTT,False,0.995975,0.083618164,1246,32846
chr4_3164523_G_A,HTT,True,0.995975,0.2722093,1972,28886
chr4_3478712_C_T,HTT,False,0.995975,0.06255245,732,32846
chr4_3515612_A_C,HTT,False,0.995975,0.30531693,1202,32054
chr5_71157907_A_T,SMN1,False,0.995975,0.1237123,970,25718
chr4_90214551_G_T,SNCA,False,0.995975,0.13376307,148,8503
chr12_40138349_G_A,LRRK2,False,0.995975,0.05080986,281,9295
chr4_3608282_A_G,HTT,False,0.995975,1.1663694,1280,32846
chr12_40538425_T_A,LRRK2,False,0.995975,0.23493838,610,18590
chr4_90016702_A_T,SNCA,False,0.995975,0.04724121,290,8107
chr12_40388386_G_A,LRRK2,False,0.995975,0.06523037,161,8899
chr4_90113264_G_T,SNCA,False,0.995975,0.07480049,108,8107
chr5_70476759_A_T,SMN1,False,0.995975,0.08786249,882,24926
chr4_3591785_A_G,HTT,False,0.995975,0.10624552,3360,32846
chr4_3662031_C_T,HTT,False,0.995975,0.11878872,1628,35222
chr12_40709993_C_T,LRRK2,False,0.995975,0.303972,396,17006
chr4_3600056_T_C,HTT,False,0.995975,0.22369957,1218,32054
chr1_155451721_A_C,GBA,False,0.99588126,0.6274669,3954,66902
chr4_89770386_T_C,SNCA,True,0.99588126,0.11144924,356,8107
chr4_90067085_T_C,SNCA,False,0.99588126,0.38723326,417,8107
chr4_90008470_G_A,SNCA,False,0.99588126,0.56819177,253,8107
chr4_89823752_G_T,SNCA,True,0.99588126,0.16000557,680,8107
chr1_154840154_T_C,GBA,False,0.99588126,0.068256855,2340,61358
chr12_40479853_G_A,LRRK2,False,0.99588126,0.14216089,557,9295
chr4_2786354_C_T,HTT,False,0.99588126,0.20160723,728,29678
chr4_89798041_A_G,SNCA,True,0.99588126,0.15328312,138,8107
chr4_2783005_C_T,HTT,False,0.99588126,0.12527418,576,29678
chr4_89968150_G_A,SNCA,False,0.99588126,0.09640217,472,8107
chr4_2758789_G_A,HTT,False,0.99588126,0.074313164,640,32054
chr4_3598315_G_A,HTT,False,0.99588126,0.31225348,900,32846
chr1_155665166_T_C,GBA,False,0.99588126,0.13432741,1170,55814
chr12_40701750_T_A,LRRK2,False,0.99588126,0.057253838,562,17006
chr4_89917492_C_T,SNCA,False,0.99588126,0.21091366,337,8107
chr12_40146785_T_A,LRRK2,False,0.99588126,0.13941765,145,8899
chr4_3718191_C_T,HTT,False,0.99588126,0.22970343,902,36014
chr1_155364745_G_A,GBA,False,0.99588126,0.18035603,1294,60566
chr4_3418259_A_G,HTT,False,0.99588126,1.6884446,2016,31262
chr12_40348204_A_C,LRRK2,True,0.99588126,0.06125164,209,8899
chr4_90158830_T_C,SNCA,False,0.99588126,0.48932552,317,8503
chr1_154890719_A_G,GBA,False,0.99588126,0.058465004,2190,59774
chr12_40250477_T_C,LRRK2,True,0.99588126,0.04706955,261,9295
chr12_40386919_G_A,LRRK2,False,0.99588126,0.042100906,142,8899
chr4_3653411_G_T,HTT,False,0.99588126,0.14404202,446,35222
chr12_40213964_T_C,LRRK2,False,0.99588126,0.118366,261,9295
chr4_3271203_C_G,HTT,False,0.99588126,0.12148881,1028,29678
chr12_40582032_A_C,LRRK2,False,0.99588126,0.075912476,750,18590
chr1_154897266_C_T,GBA,False,0.99588126,0.18618584,2758,60566
chr4_3119091_G_T,HTT,True,0.99588126,0.3111248,1208,29678
chr1_155732320_T_C,GBA,False,0.9957853,0.30988693,2646,55814
chr12_40200371_G_A,LRRK2,False,0.9957853,0.21898758,636,8899
chr4_3707842_T_C,HTT,False,0.9957853,0.23533225,1598,36014
chr4_3350202_T_C,HTT,False,0.9957853,0.16312408,454,28886
chr1_155644454_C_T,GBA,False,0.9957853,0.10672665,2886,58982
chr1_154916486_A_G,GBA,False,0.9957853,0.10543537,3644,59774
chr1_155372400_C_T,GBA,False,0.9957853,0.12721491,3076,61358
chr4_2823121_T_A,HTT,False,0.9957853,0.095749855,564,30470
chr12_40467617_G_A,LRRK2,False,0.9957853,0.10635185,122,9295
chr12_40563789_A_G,LRRK2,False,0.9957853,0.34168482,1206,18590
chr4_89713869_T_C,SNCA,False,0.9957853,0.6099758,541,8107
chr4_3509503_T_C,HTT,False,0.9957853,0.15320563,4256,32054
chr4_89776828_T_C,SNCA,True,0.9957853,0.056927204,266,8107
chr4_89858607_A_G,SNCA,False,0.9957853,0.20501423,1108,8107
chr12_40497149_A_T,LRRK2,False,0.9957853,0.05439782,412,18590
chr4_3535955_A_C,HTT,False,0.9957853,0.102930546,1646,32054
chr4_3610270_C_T,HTT,False,0.9957853,0.13968086,1180,32846
chr12_40468163_G_A,LRRK2,False,0.9957853,0.544713,342,9295
chr4_2919210_G_A,HTT,False,0.9957853,0.09865904,2704,29678
chr12_40454378_G_A,LRRK2,False,0.9957853,0.1147809,209,8899
chr4_3288945_T_C,HTT,False,0.9957853,0.14873123,468,28886
chr4_90167411_C_A,SNCA,False,0.9957853,0.11869717,297,8503
chr4_3489412_G_A,HTT,False,0.9957853,0.10549259,788,32054
chr4_89805937_C_T,SNCA,True,0.9957853,0.20680714,173,8107
chr4_3320413_C_T,HTT,False,0.9957853,0.10405254,1362,28886
chr4_3631280_G_C,HTT,False,0.9957853,0.9931178,1724,33638
chr1_155660961_A_G,GBA,False,0.9957853,0.06823444,1934,57398
chr4_90039146_T_C,SNCA,False,0.9956871,0.11844158,346,8107
chr4_89806067_A_G,SNCA,True,0.9956871,0.14772224,338,8107
chr4_3370536_A_G,HTT,False,0.9956871,0.32054806,1336,28886
chr4_90045698_A_T,SNCA,False,0.9956871,0.5836384,332,8107
chr4_3505659_C_A,HTT,False,0.9956871,0.08201504,2394,32054
chr4_2608721_G_A,HTT,False,0.9956871,0.045123577,164,33638
chr1_154877114_G_A,GBA,False,0.9956871,0.1750412,2328,59774
chr4_90192320_G_C,SNCA,False,0.9956871,0.49445915,495,8503
chr1_155156113_G_C,GBA,False,0.9956871,0.354995,2306,56606
chr12_40342447_C_T,LRRK2,True,0.9956871,0.34835935,151,9295
chr4_3509714_T_C,HTT,False,0.9956871,0.0575552,1352,32054
chr4_3645409_G_A,HTT,False,0.9956871,0.5447817,1626,34430
chr4_89511588_A_G,SNCA,False,0.9956871,0.05294037,201,9295
chr4_2803235_G_C,HTT,False,0.9956871,0.47309494,696,31262
chr12_40728425_A_G,LRRK2,False,0.9956871,0.083957195,940,16214
chr12_40453559_G_C,LRRK2,False,0.9956871,0.12545586,254,8899
chr4_89856313_C_G,SNCA,False,0.9956871,0.15298557,210,8107
chr12_40451913_A_C,LRRK2,False,0.9956871,0.21369982,669,8899
chr4_3201203_C_T,HTT,True,0.9956871,0.09374833,738,28886
chr12_40428037_C_T,LRRK2,False,0.9956871,0.47851944,120,8899
chr4_3600090_C_A,HTT,False,0.9956871,0.37946033,1334,32054
chr4_89808596_T_G,SNCA,True,0.9956871,0.20864105,364,8107
chr4_3395236_G_A,HTT,False,0.9956871,0.092520356,834,29678
chr4_90053135_G_A,SNCA,False,0.9956871,0.093811035,189,8107
chr12_40464141_A_C,LRRK2,False,0.9956871,0.3424635,594,9295
chr12_40267601_A_T,LRRK2,True,0.9956871,0.29337,178,9295
chr12_40580186_T_C,LRRK2,False,0.9956871,0.11126518,292,18590
chr12_40386166_A_G,LRRK2,False,0.9956871,0.18416786,309,8899
chr4_90330497_C_G,SNCA,False,0.9955867,0.07868123,137,6919
chr4_3369183_C_G,HTT,False,0.9955867,0.7533035,1240,28886
chr12_40049323_T_C,LRRK2,False,0.9955867,0.11113596,172,10087
chr12_40295786_C_T,LRRK2,True,0.9955867,0.4398842,336,9295
chr12_40731106_A_G,LRRK2,False,0.9955867,0.08056545,204,16214
chr4_89829439_A_G,SNCA,True,0.9955867,0.16514301,565,8107
chr4_89828535_A_G,SNCA,True,0.9955867,0.241225,711,8107
chr4_90022634_A_G,SNCA,False,0.9955867,0.08577347,273,8107
chr4_90023655_G_A,SNCA,False,0.9955867,0.15195608,250,8107
chr4_89976960_T_C,SNCA,False,0.9955867,0.359707,516,8107
chr4_90022293_G_A,SNCA,False,0.9955867,0.11232853,202,8107
chr5_71188058_G_A,SMN1,False,0.9955867,0.1394639,686,25718
chr4_3368451_T_G,HTT,False,0.9955867,0.09848213,1004,28886
chr4_3364833_T_G,HTT,False,0.9955867,0.4357705,1208,28094
chr12_40013341_A_G,LRRK2,False,0.9955867,0.077525616,338,9691
chr12_40444981_A_G,LRRK2,False,0.9955867,0.3966527,1077,8899
chr4_2848415_G_A,HTT,False,0.9955867,0.07259512,654,29678
chr4_2809176_A_C,HTT,False,0.9955867,0.28326774,1054,31262
chr4_3467862_C_T,HTT,False,0.9955867,0.50791645,580,32846
chr12_40706030_T_C,LRRK2,False,0.9955867,0.09554362,722,17006
chr12_40355988_A_G,LRRK2,True,0.9955867,0.07177234,64,8899
chr4_3630320_C_G,HTT,False,0.9955867,0.3238964,1484,33638
chr12_40395238_A_C,LRRK2,False,0.9955867,0.27670097,498,8899
chr4_89713401_A_G,SNCA,False,0.9955867,0.15033722,274,8107
chr12_40707253_T_C,LRRK2,False,0.99548393,0.24848032,984,17006
chr4_3388545_C_A,HTT,False,0.99548393,0.33865786,954,29678
chr12_40581816_A_T,LRRK2,False,0.99548393,0.107331276,720,18590
chr4_2589550_C_G,HTT,False,0.99548393,0.10117102,650,33638
chr12_40702738_G_A,LRRK2,False,0.99548393,0.75131845,154,17006
chr1_155444938_T_C,GBA,False,0.99548393,0.035188675,2752,66902
chr1_154835459_G_A,GBA,False,0.99548393,0.1433816,2610,62150
chr12_40552033_A_G,LRRK2,False,0.99548393,0.09083629,1254,18590
chr1_154873798_C_T,GBA,False,0.99548393,0.2979126,2952,59774
chr1_154939322_A_G,GBA,False,0.99548393,0.5280075,3246,58982
chr4_90148478_A_G,SNCA,False,0.99548393,0.15337896,383,8107
chr12_40270116_C_G,LRRK2,True,0.99548393,0.041940928,250,9295
chr12_40603817_G_A,LRRK2,False,0.99548393,0.22309351,242,17798
chr12_40276874_C_T,LRRK2,True,0.99548393,0.68708706,204,9295
chr12_40110062_C_T,LRRK2,False,0.99548393,0.15263343,219,9691
chr1_155509106_T_C,GBA,False,0.99548393,0.09087849,2678,62942
chr5_70474367_G_A,SMN1,False,0.99548393,0.21873426,1086,24926
chr4_3599932_C_G,HTT,False,0.99548393,0.08878517,614,32054
chr4_90020639_T_A,SNCA,False,0.99548393,0.06770873,307,8107
chr4_89721993_C_T,SNCA,False,0.99548393,0.08470988,140,8107
chr1_154942321_C_T,GBA,False,0.99548393,0.19945812,2180,58190
chr4_2804339_C_T,HTT,False,0.99548393,0.14097261,1114,31262
chr4_3341528_A_T,HTT,False,0.99548393,0.051849842,556,28886
chr4_2811118_C_T,HTT,False,0.99548393,0.111281395,888,31262
chr4_3487629_G_C,HTT,False,0.99548393,0.2947235,1292,32846
chr12_40499694_C_G,LRRK2,False,0.99548393,0.07026482,496,18590
chr12_40247890_A_G,LRRK2,True,0.99548393,0.4137751,430,9295
chr12_40239156_G_T,LRRK2,True,0.99548393,0.10671139,200,9295
chr4_89831431_A_T,SNCA,True,0.99548393,0.062690735,257,8107
chr4_89834579_G_A,SNCA,True,0.99548393,0.3715334,541,7711
chr4_3513591_A_G,HTT,False,0.9953788,0.074147224,1043,32054
chr4_3584226_T_C,HTT,False,0.9953788,0.048339605,814,33638
chr12_40700195_C_T,LRRK2,False,0.9953788,0.08062124,250,17006
chr4_89520673_G_T,SNCA,False,0.9953788,0.12576282,362,9295
chr12_40467752_G_A,LRRK2,False,0.9953788,0.5195769,395,9295
chr4_90334719_G_A,SNCA,False,0.9953788,0.04835558,94,6919
chr1_154907312_A_T,GBA,False,0.9953788,0.07018185,2850,58982
chr4_2807881_A_G,HTT,False,0.9953788,0.095378876,610,31262
chr4_2959402_G_C,HTT,False,0.9953788,0.10871792,1622,30470
chr4_3490152_C_T,HTT,False,0.9953788,0.22498894,5162,32054
chr5_71000542_A_T,SMN1,False,0.9953788,0.0691123,1320,25718
chr4_3707080_T_C,HTT,False,0.9953788,0.07266855,350,36014
chr4_90103232_G_T,SNCA,False,0.9953788,0.4058156,558,8107
chr12_40632248_C_T,LRRK2,False,0.9953788,0.42472696,1072,17006
chr4_3271898_G_C,HTT,False,0.9953788,0.20507693,1302,29678
chr4_3272761_T_A,HTT,False,0.9953788,0.09855962,598,29678
chr1_155663821_T_G,GBA,False,0.9953788,0.16622353,2550,56606
chr12_40456712_C_A,LRRK2,False,0.9953788,0.23176229,88,9295
chr12_40301974_G_C,LRRK2,True,0.9953788,0.17593098,221,9295
chr5_71157141_T_A,SMN1,False,0.9953788,0.034765244,742,25718
chr12_40457735_A_G,LRRK2,False,0.9953788,0.20616972,360,9295
chr12_40455259_A_T,LRRK2,False,0.9953788,0.034438133,301,9295
chr4_3274764_C_T,HTT,False,0.9953788,0.166533,586,29678
chr12_40557081_A_G,LRRK2,False,0.9953788,0.043116093,784,18590
chr4_89713677_G_T,SNCA,False,0.9953788,0.5867939,247,8107
chr12_40213296_G_A,LRRK2,False,0.9953788,0.5619744,622,9295
chr12_40071984_C_T,LRRK2,False,0.9953788,0.2785225,211,9691
chr12_40727551_G_C,LRRK2,False,0.99527115,0.045606613,588,17006
chr4_2767844_G_T,HTT,False,0.99527115,0.21179724,1002,29678
chr4_90169698_T_A,SNCA,False,0.99527115,0.056065083,101,8503
chr4_3517810_T_C,HTT,False,0.99527115,0.12700462,1110,32054
chr12_40547396_T_C,LRRK2,False,0.99527115,0.25650835,302,18590
chr5_71187619_G_C,SMN1,False,0.99527115,0.049354076,612,25718
chr4_3287866_C_T,HTT,False,0.99527115,0.16805935,392,28886
chr12_40434462_T_G,LRRK2,False,0.99527115,0.048835278,151,8899
chr5_70476762_A_T,SMN1,False,0.99527115,0.027348995,638,24926
chr4_3450521_G_A,HTT,False,0.99527115,0.20751762,812,35222
chr4_3583298_T_G,HTT,False,0.99527115,0.13160443,610,33638
chr4_2803652_C_T,HTT,False,0.99527115,0.08082771,914,31262
chr4_3579922_A_G,HTT,False,0.99527115,0.05900669,744,32054
chr12_40439924_A_G,LRRK2,False,0.99527115,0.4377818,500,8899
chr12_40166401_A_G,LRRK2,False,0.99527115,0.2912836,283,8503
chr4_3607201_T_C,HTT,False,0.99527115,0.4887185,2250,32846
chr12_40489943_C_A,LRRK2,False,0.99527115,0.2354641,1939,9295
chr4_90134733_T_C,SNCA,False,0.99527115,0.12683964,325,8107
chr12_40564870_T_C,LRRK2,False,0.99527115,0.37420487,702,18590
chr4_3508888_A_G,HTT,False,0.99527115,0.22809124,860,32054
chr4_90094737_C_T,SNCA,False,0.99527115,0.1439848,161,8107
chr4_90094449_A_G,SNCA,False,0.99527115,0.26681948,542,8107
chr12_40441486_T_C,LRRK2,False,0.99527115,0.2227087,430,8899
chr4_89833002_T_C,SNCA,True,0.99527115,0.4111777,296,7711
chr4_89312890_G_A,SNCA,False,0.99527115,0.1393838,383,8503
chr4_3405537_A_T,HTT,False,0.99527115,0.28241348,1806,30470
chr12_40707484_C_T,LRRK2,False,0.99527115,0.14640474,606,17006
chr4_3467731_C_T,HTT,False,0.99516106,0.16291332,986,32846
chr12_40483260_A_T,LRRK2,False,0.99516106,0.09486771,511,9295
chr4_89624062_T_G,SNCA,False,0.99516106,0.20724249,354,9691
chr12_40300004_G_T,LRRK2,True,0.99516106,0.18358803,352,9295
chr4_89824352_C_T,SNCA,True,0.99516106,0.0714941,128,8107
chr4_3641290_A_G,HTT,False,0.99516106,0.11922073,1460,34430
chr4_89829175_A_C,SNCA,True,0.99516106,0.09152746,129,8107
chr4_90192991_T_G,SNCA,False,0.99516106,0.23929739,409,8503
chr12_40172417_G_T,LRRK2,False,0.99516106,0.08758354,227,8899
chr4_3598036_C_T,HTT,False,0.99516106,0.080319405,1302,32846
chr4_3288873_C_T,HTT,False,0.99516106,0.09334087,914,28886
chr12_40507017_A_G,LRRK2,False,0.99516106,0.26011682,500,18590
chr12_40391706_C_T,LRRK2,False,0.99516106,0.19785762,111,8899
chr12_40163058_A_G,LRRK2,False,0.99516106,0.26437378,506,8503
chr12_40206894_G_A,LRRK2,False,0.99516106,0.23289156,190,9295
chr12_40505060_G_A,LRRK2,False,0.99516106,0.20451164,340,18590
chr12_40432314_G_T,LRRK2,False,0.99516106,0.0542984,91,8899
chr1_154738750_C_A,GBA,False,0.99516106,0.068050385,2206,60566
chr12_40663429_C_T,LRRK2,False,0.99516106,0.26434565,1156,17006
chr4_90149918_T_C,SNCA,False,0.99516106,0.58701134,333,8107
chr4_3600527_A_G,HTT,False,0.99516106,0.09690809,986,32054
chr12_40130277_G_A,LRRK2,False,0.99516106,0.15920448,499,9691
chr4_2828875_G_A,HTT,False,0.99516106,0.09919834,316,30470
chr4_3362267_C_T,HTT,False,0.99516106,0.06347942,524,28094
chr4_90013745_C_T,SNCA,False,0.9950484,0.28663683,66,8107
chr4_90033399_A_G,SNCA,False,0.9950484,0.052291155,181,8107
chr1_154883102_C_T,GBA,False,0.9950484,0.10709572,2524,59774
chr4_90156473_C_T,SNCA,False,0.9950484,0.45044136,111,8107
chr12_40589403_A_G,LRRK2,False,0.9950484,0.3766861,476,18590
chr4_89814962_T_C,SNCA,True,0.9950484,0.04519272,161,8107
chr12_40135842_G_A,LRRK2,False,0.9950484,0.04297757,182,9691
chr12_40686898_G_A,LRRK2,False,0.9950484,0.4213295,980,17006
chr12_40478640_A_T,LRRK2,False,0.9950484,0.052046776,301,9295
chr1_154940545_T_C,GBA,False,0.9950484,0.12666321,2206,58190
chr12_40163899_C_T,LRRK2,False,0.9950484,0.46409655,415,8503
chr12_40572538_G_C,LRRK2,False,0.9950484,0.24066257,598,18590
chr12_40579060_A_T,LRRK2,False,0.9950484,0.7172694,402,18590
chr12_40228102_C_T,LRRK2,True,0.9950484,0.09238148,189,9295
chr4_3489539_A_G,HTT,False,0.9950484,0.66009283,748,32054
chr4_3367269_G_A,HTT,False,0.9950484,0.33703518,1340,28886
chr4_90018246_A_C,SNCA,False,0.9950484,0.40317822,454,8107
chr4_90031871_A_C,SNCA,False,0.9950484,0.17686534,56,8107
chr1_155351758_G_A,GBA,False,0.9950484,0.21890283,3656,60566
chr4_3403948_T_C,HTT,False,0.9950484,0.11404228,982,30470
chr4_2766903_A_G,HTT,False,0.9950484,0.15591812,608,29678
chr12_40292929_A_G,LRRK2,True,0.9950484,0.0642519,187,9295
chr4_2787208_T_C,HTT,False,0.9950484,0.19522858,1186,28886
chr12_40731328_G_A,LRRK2,False,0.9950484,0.17187548,238,16214
chr5_71056839_G_A,SMN1,False,0.9950484,0.46329105,1246,26510
chr4_89824194_A_T,SNCA,True,0.9950484,0.04540205,160,8107
chr4_90044816_T_C,SNCA,False,0.9950484,0.5580187,201,8107
chr12_40706881_C_T,LRRK2,False,0.9949331,0.124754906,422,17006
chr4_89967552_C_T,SNCA,False,0.9949331,0.47733665,221,8107
chr12_40597141_C_A,LRRK2,False,0.9949331,0.21749687,830,17798
chr12_40070707_C_T,LRRK2,False,0.9949331,0.15445328,313,9691
chr4_90322411_G_A,SNCA,False,0.9949331,0.082874775,166,6919
chr4_3464957_T_G,HTT,False,0.9949331,0.21377897,1243,32846
chr4_2795756_C_T,HTT,False,0.9949331,0.81729364,998,30470
chr4_90162431_C_G,SNCA,False,0.9949331,0.076485634,183,8503
chr4_90052895_A_T,SNCA,False,0.9949331,0.30081725,92,8107
chr1_154826834_G_A,GBA,False,0.9949331,0.15873003,2764,61358
chr12_40537853_G_A,LRRK2,False,0.9949331,0.16611409,520,18590
chr12_40385201_T_G,LRRK2,False,0.9949331,0.47594404,183,8899
chr1_154822801_T_G,GBA,False,0.9949331,0.37025785,3054,61358
chr4_3609261_C_T,HTT,False,0.9949331,0.09959793,1356,32846
chr12_40378773_A_C,LRRK2,False,0.9949331,0.32259655,148,8899
chr4_3341675_A_T,HTT,False,0.9949331,0.107803345,708,28886
chr12_40830960_T_C,LRRK2,False,0.9949331,0.17422438,3308,13838
chr4_3508235_A_C,HTT,False,0.9949331,0.18373299,1796,32054
chr12_40260186_C_T,LRRK2,True,0.9949331,0.0765214,160,9295
chr4_2959461_C_T,HTT,False,0.9949331,0.18038845,1268,30470
chr12_40444729_A_C,LRRK2,False,0.9949331,0.3640852,299,8899
chr4_90017424_A_G,SNCA,False,0.9949331,0.32177472,252,8107
chr4_3534602_G_T,HTT,False,0.9949331,0.09245491,1658,32054
chr12_40485585_A_G,LRRK2,False,0.9949331,0.19359398,286,9295
chr12_40612345_C_T,LRRK2,False,0.9948152,0.2352171,470,17798
chr12_40337381_A_C,LRRK2,True,0.9948152,0.14478111,248,9295
chr4_90151550_T_C,SNCA,False,0.9948152,0.08032322,341,8107
chr12_39989190_C_T,LRRK2,False,0.9948152,0.24389458,127,10087
chr4_3142714_A_G,HTT,True,0.9948152,0.12137604,814,28094
chr4_90017309_T_G,SNCA,False,0.9948152,0.096040964,362,8107
chr4_3375007_T_C,HTT,False,0.9948152,0.324502,974,28886
chr1_155316063_T_C,GBA,False,0.9948152,0.1709652,3476,58982
chr12_40120586_T_C,LRRK2,False,0.9948152,1.0225055,796,9691
chr12_40393877_G_C,LRRK2,False,0.9948152,0.05470586,128,8899
chr4_3440419_C_G,HTT,False,0.9948152,0.16076851,968,33638
chr4_89967765_G_A,SNCA,False,0.9948152,0.09770489,609,8107
chr4_2803136_G_A,HTT,False,0.9948152,0.12096357,474,31262
chr12_40585552_G_A,LRRK2,False,0.9948152,1.4729061,658,18590
chr1_154991225_A_T,GBA,False,0.9948152,0.15481186,2196,57398
chr5_71277448_C_T,SMN1,False,0.9948152,0.1066196,306,26510
chr1_155397387_C_T,GBA,False,0.9948152,0.27269316,2824,62942
chr12_40375968_A_G,LRRK2,False,0.9948152,0.20685863,1408,8899
chr12_40511919_C_A,LRRK2,False,0.9948152,0.3449211,144,18590
chr12_40122033_C_A,LRRK2,False,0.9948152,0.12534046,280,9691
chr4_3506944_C_T,HTT,False,0.9948152,0.35799885,612,32054
chr4_2837932_G_A,HTT,False,0.9948152,0.057649612,736,30470
chr4_3589975_A_G,HTT,False,0.9948152,0.08990383,1586,32846
chr4_2908233_G_A,HTT,False,0.9948152,0.064753294,158,28886
chr12_40666283_A_C,LRRK2,False,0.9948152,0.120028734,222,17798
chr12_40250503_T_C,LRRK2,True,0.9948152,0.16464591,286,9295
chr4_3581413_C_T,HTT,False,0.9948152,0.09086084,1576,32054
chr12_40445258_A_G,LRRK2,False,0.9948152,0.26946115,486,8899
chr4_90145985_G_A,SNCA,False,0.9948152,0.35611987,81,8107
chr4_90159447_A_G,SNCA,False,0.9946945,0.45733404,194,8503
chr4_90255506_A_G,SNCA,False,0.9946945,0.046850204,130,7711
chr4_3639996_A_G,HTT,False,0.9946945,0.12536573,1542,34430
chr4_90050272_T_G,SNCA,False,0.9946945,0.19664025,64,8107
chr4_90152623_G_C,SNCA,False,0.9946945,0.1921258,146,8107
chr4_89769981_T_C,SNCA,True,0.9946945,0.25737047,336,8107
chr4_2803259_T_C,HTT,False,0.9946945,0.20052242,562,31262
chr12_40207140_C_T,LRRK2,False,0.9946945,0.6323644,268,9295
chr1_155402881_T_C,GBA,False,0.9946945,0.095952034,2500,64526
chr12_40292236_G_T,LRRK2,True,0.9946945,0.3670473,424,9295
chr12_40371801_A_C,LRRK2,False,0.9946945,1.1064357,1118,8899
chr4_2812971_G_T,HTT,False,0.9946945,0.15670204,332,31262
chr12_40376540_G_A,LRRK2,False,0.9946945,0.13928604,216,8899
chr4_2764943_C_A,HTT,False,0.9946945,0.45713186,622,32054
chr4_2590928_G_A,HTT,False,0.9946945,0.14038181,1406,33638
chr12_40668849_T_C,LRRK2,False,0.9946945,0.2459569,466,17006
chr4_3524918_C_T,HTT,False,0.9946945,0.26474762,1656,32054
chr12_40529730_G_A,LRRK2,False,0.9946945,0.070542336,1094,18590
chr4_3286524_T_C,HTT,False,0.9946945,0.2619357,1314,28886
chr4_3434861_G_A,HTT,False,0.9946945,0.14308739,1202,33638
chr12_40557954_G_A,LRRK2,False,0.9946945,0.085031986,298,18590
chr12_40706295_C_A,LRRK2,False,0.9946945,0.11341286,554,17006
chr1_154910068_C_T,GBA,False,0.9946945,0.3905449,3312,59774
chr4_3596434_C_T,HTT,False,0.9946945,0.17316723,1572,32846
chr4_3491499_C_T,HTT,False,0.9946945,0.088282585,1698,32054
chr4_3579825_T_G,HTT,False,0.9946945,0.11218166,1796,32054
chr12_40355531_T_C,LRRK2,True,0.9946945,0.1821146,209,8899
chr4_3309679_C_T,HTT,False,0.9946945,0.119971275,156,28886
chr5_70465814_A_G,SMN1,False,0.994571,0.14163327,4616,24926
chr4_90032823_C_T,SNCA,False,0.994571,0.19264555,146,8107
chr4_90181553_A_G,SNCA,False,0.994571,0.2052598,520,8503
chr4_3491287_G_A,HTT,False,0.994571,0.6212286,1202,32054
chr12_40240356_T_C,LRRK2,True,0.994571,0.13708878,453,9295
chr4_3434432_G_A,HTT,False,0.994571,0.117383,1106,33638
chr4_89950511_C_T,SNCA,False,0.994571,0.15095472,130,8107
chr4_3661930_C_G,HTT,False,0.994571,0.4372425,910,35222
chr12_40281250_A_G,LRRK2,True,0.994571,0.26357007,541,9295
chr12_40659931_C_A,LRRK2,False,0.994571,0.094709635,290,17006
chr12_40375260_A_T,LRRK2,False,0.994571,0.27798462,177,8899
chr4_89733195_G_A,SNCA,True,0.994571,0.2395463,191,8107
chr4_89514123_C_T,SNCA,False,0.994571,0.19991088,277,9295
chr12_40698138_C_T,LRRK2,False,0.994571,0.13589764,204,17006
chr12_39988650_A_G,LRRK2,False,0.994571,0.1459341,283,10087
chr5_71280057_T_C,SMN1,False,0.994571,0.23351169,1544,26510
chr4_3598248_A_C,HTT,False,0.994571,0.13430119,1878,32846
chr1_155551443_G_A,GBA,False,0.994571,0.16131973,1470,62150
chr4_3719524_G_T,HTT,False,0.994571,0.13975573,2336,36014
chr4_89747225_C_T,SNCA,True,0.994571,0.24922895,357,8107
chr4_3522694_A_G,HTT,False,0.994571,0.17775917,788,32054
chr4_89775676_A_C,SNCA,True,0.994571,0.226506,464,8107
chr12_40600384_G_A,LRRK2,False,0.994571,0.25740337,714,17798
chr4_3271365_G_C,HTT,False,0.9944446,0.5903492,670,29678
chr4_90154504_C_T,SNCA,False,0.9944446,0.092460155,740,8107
chr4_90153299_G_T,SNCA,False,0.9944446,0.24606514,1816,8107
chr12_40392917_A_G,LRRK2,False,0.9944446,0.10133457,494,8899
chr4_90162479_G_C,SNCA,False,0.9944446,0.045185328,298,8503
chr12_40439085_T_G,LRRK2,False,0.9944446,0.2715242,201,8899
chr4_3597305_G_T,HTT,False,0.9944446,0.16693497,2322,32846
chr4_3597102_C_G,HTT,False,0.9944446,0.061620712,1600,32846
chr4_3072974_G_T,HTT,False,0.9944446,0.10994589,866,28886
chr4_90305140_T_A,SNCA,False,0.9944446,0.06656933,238,6523
chr4_3595588_G_T,HTT,False,0.9944446,0.062156677,394,32846
chr12_40745324_C_A,LRRK2,False,0.9944446,0.43085098,336,16214
chr4_3514201_G_C,HTT,False,0.9944446,0.48258018,498,32054
chr12_40505438_G_C,LRRK2,False,0.9944446,0.12134743,946,18590
chr4_90330124_A_G,SNCA,False,0.9944446,0.08686447,163,6919
chr12_40178103_C_A,LRRK2,False,0.9944446,0.48061323,346,8899
chr12_40362519_C_T,LRRK2,True,0.9944446,0.100218296,508,8899
chr12_40496909_T_G,LRRK2,False,0.9944446,0.113901615,226,18590
chr4_3341504_C_G,HTT,False,0.9944446,0.13898611,1202,28886
chr4_89979782_A_G,SNCA,False,0.9943153,0.28184867,343,8107
chr4_3655338_C_T,HTT,False,0.9943153,0.07962799,1154,35222
chr12_40385155_C_A,LRRK2,False,0.9943153,0.118032455,34,8899
chr12_40499363_G_A,LRRK2,False,0.9943153,0.42017365,280,18590
chr12_40458416_A_G,LRRK2,False,0.9943153,0.14447999,503,9295
chr4_2999962_G_C,HTT,False,0.9943153,0.07032108,546,28886
chr4_90060631_T_C,SNCA,False,0.9943153,0.103913784,283,8107
chr4_89814980_C_G,SNCA,True,0.9943153,0.076351166,254,8107
chr1_155503565_C_T,GBA,False,0.9943153,0.17092705,2610,62942
chr12_40435319_T_A,LRRK2,False,0.9943153,0.063425064,76,8899
chr12_40437918_C_G,LRRK2,False,0.9943153,0.36323333,395,8899
chr4_3309985_G_A,HTT,False,0.9943153,0.37592697,1340,28886
chr4_90093581_T_C,SNCA,False,0.9943153,0.2907133,227,8107
chr5_71145266_A_C,SMN1,False,0.9943153,0.17398977,5358,25718
chr4_3591856_C_T,HTT,False,0.9943153,0.10012925,1016,32846
chr4_90147773_T_C,SNCA,False,0.9943153,0.057875633,245,8107
chr5_70467393_T_C,SMN1,False,0.9943153,0.21621847,3738,24926
chr5_71000992_T_C,SMN1,False,0.9943153,0.10662222,950,25718
chr12_39926186_A_C,LRRK2,False,0.9943153,0.1673727,389,10879
chr4_3390623_A_C,HTT,False,0.9943153,0.31182766,2432,29678
chr4_3651854_C_T,HTT,False,0.994183,0.110743046,1286,35222
chr4_3480569_T_C,HTT,False,0.994183,0.19607449,1682,32846
chr12_40358801_A_T,LRRK2,True,0.994183,0.113535166,624,8899
chr5_71228650_A_T,SMN1,False,0.994183,0.14107609,244,26510
chr4_89834074_T_C,SNCA,True,0.994183,0.23111916,440,7711
chr4_2681088_C_G,HTT,False,0.994183,0.07673025,612,32054
chr4_3519615_A_G,HTT,False,0.994183,0.127316,1414,32054
chr4_2701459_G_T,HTT,False,0.994183,0.41621304,834,32054
chr12_40152699_A_G,LRRK2,False,0.994183,0.10140717,205,8503
chr4_90017569_A_G,SNCA,False,0.994183,0.14657211,262,8107
chr12_40161171_G_A,LRRK2,False,0.994183,0.5633166,288,8503
chr12_40161090_C_T,LRRK2,False,0.994183,0.051045418,186,8503
chr12_40479224_G_A,LRRK2,False,0.994183,0.17599154,343,9295
chr4_90039084_T_C,SNCA,False,0.994183,0.12987995,359,8107
chr4_89469262_T_C,SNCA,False,0.994183,0.050186157,165,8899
chr4_90161900_A_G,SNCA,False,0.994183,0.12627411,348,8503
chr12_40213423_T_A,LRRK2,False,0.994183,0.043157578,248,9295
chr4_90321032_A_G,SNCA,False,0.994183,0.106476784,434,6919
chr4_89709650_G_C,SNCA,False,0.994183,0.073495865,295,8107
chr4_3362684_G_T,HTT,False,0.994183,0.121723175,1384,28094
chr4_3274557_C_T,HTT,False,0.994183,0.35144138,2426,29678
chr1_154809456_A_G,GBA,False,0.994183,0.3169918,1582,62150
chr12_40343669_T_A,LRRK2,True,0.994183,0.14568841,253,9295
chr1_155507779_T_C,GBA,False,0.994183,0.3200984,3406,62942
chr12_40282398_G_T,LRRK2,True,0.994183,0.1457076,317,9295
chr4_2818660_T_C,HTT,False,0.994183,0.23658085,1042,31262
chr12_40389886_G_A,LRRK2,False,0.994183,0.21080494,125,8899
chr1_155341867_C_T,GBA,False,0.994183,0.08840346,1740,60566
chr4_89815527_A_G,SNCA,True,0.994183,0.16463089,331,8107
chr4_89824556_G_A,SNCA,True,0.99404764,0.0613575,309,8107
chr4_2801621_T_C,HTT,False,0.99404764,0.10787678,1316,31262
chr12_40518080_G_A,LRRK2,False,0.99404764,0.35088158,616,18590
chr5_71230022_A_T,SMN1,False,0.99404764,0.36201286,912,26510
chr12_40631962_C_T,LRRK2,False,0.99404764,0.31088924,288,17006
chr4_89782082_A_G,SNCA,True,0.99404764,0.22947502,477,8107
chr5_71188922_C_A,SMN1,False,0.99404764,0.5827341,242,25718
chr5_71190293_T_C,SMN1,False,0.99404764,0.060941696,1090,25718
chr12_40002019_G_A,LRRK2,False,0.99404764,0.23942113,395,9691
chr4_3598441_G_A,HTT,False,0.99404764,0.1494646,672,32846
chr4_3573722_G_A,HTT,False,0.99404764,0.2371211,844,32054
chr1_154905824_C_A,GBA,False,0.99404764,0.19697762,1812,58982
chr4_89714425_G_T,SNCA,False,0.99404764,0.21317744,293,8107
chr12_40752418_T_A,LRRK2,False,0.99404764,0.03405285,184,15422
chr12_40114388_T_A,LRRK2,False,0.99404764,0.13152409,204,9691
chr12_40501224_C_T,LRRK2,False,0.99404764,0.2892592,480,18590
chr4_90326822_G_A,SNCA,False,0.99404764,0.24424648,183,6919
chr12_40483015_A_G,LRRK2,False,0.99404764,0.10422182,328,9295
chr12_40446824_G_T,LRRK2,False,0.99404764,0.0773983,249,8899
chr4_2897711_G_A,HTT,False,0.99404764,0.2992363,620,28886
chr4_90162494_C_T,SNCA,False,0.99404764,0.15588284,330,8503
chr12_40264403_G_A,LRRK2,True,0.99404764,0.193964,230,9295
chr4_89967862_G_T,SNCA,False,0.99404764,0.16028261,253,8107
chr4_89401419_T_A,SNCA,False,0.99404764,0.30746555,431,8899
chr12_40379218_C_T,LRRK2,False,0.99404764,0.040200472,405,8899
chr4_90325062_C_T,SNCA,False,0.99404764,0.0820961,128,6919
chr12_40482181_A_C,LRRK2,False,0.99404764,0.19748831,90,9295
chr4_2820435_G_A,HTT,False,0.99404764,0.106347084,812,30470
chr4_90228729_T_A,SNCA,False,0.99404764,0.04128313,163,8503
chr12_40364489_G_A,LRRK2,True,0.99404764,0.07209945,50,8899
chr12_40163880_G_A,LRRK2,False,0.99404764,0.30293512,378,8503
chr4_90147919_C_G,SNCA,False,0.9939092,0.09739995,317,8107
chr12_40374188_G_C,LRRK2,False,0.9939092,0.32014704,201,8899
chr12_39895629_C_T,LRRK2,False,0.9939092,0.06336737,185,10483
chr12_40741110_C_T,LRRK2,False,0.9939092,0.05003214,474,16214
chr12_40681866_A_G,LRRK2,False,0.9939092,0.1861068,976,17006
chr12_40441500_T_C,LRRK2,False,0.9939092,0.11594367,156,8899
chr12_40178345_T_C,LRRK2,False,0.9939092,0.09961605,163,8899
chr12_40441947_T_C,LRRK2,False,0.9939092,0.3306079,448,8899
chr4_3298356_A_G,HTT,False,0.9939092,0.20935273,814,28886
chr4_89487985_G_C,SNCA,False,0.9939092,0.07497072,201,9295
chr4_3634544_G_A,HTT,False,0.9939092,0.15449333,482,34430
chr12_40632699_C_T,LRRK2,False,0.9939092,0.3523388,648,17006
chr12_40624580_G_A,LRRK2,False,0.9939092,0.12922812,472,17798
chr4_89840793_T_G,SNCA,False,0.9939092,0.14468074,309,7711
chr12_40128200_G_A,LRRK2,False,0.9939092,0.14926958,162,9691
chr12_40538859_G_A,LRRK2,False,0.9939092,0.1338768,674,18590
chr5_71187509_G_C,SMN1,False,0.9939092,0.06932831,744,25718
chr4_90190480_A_G,SNCA,False,0.9939092,0.1458373,380,8503
chr12_40065418_C_T,LRRK2,False,0.9939092,0.23492908,151,9691
chr12_40662193_G_A,LRRK2,False,0.99376744,0.10059452,380,17006
chr12_40592033_C_T,LRRK2,False,0.99376744,0.28513336,154,18590
chr4_89855106_T_C,SNCA,False,0.99376744,0.048446655,74,8107
chr12_40345619_T_A,LRRK2,True,0.99376744,0.073470116,412,8899
chr5_71337746_C_G,SMN1,False,0.99376744,0.12244105,804,25718
chr4_89928295_A_G,SNCA,False,0.99376744,0.12601423,281,8107
chr12_40526849_T_C,LRRK2,False,0.99376744,0.4278555,314,18590
chr12_40550895_T_C,LRRK2,False,0.99376744,0.08288145,462,18590
chr12_40394604_T_A,LRRK2,False,0.99376744,0.064471245,238,8899
chr12_39997685_T_G,LRRK2,False,0.99376744,0.14892864,181,9691
chr12_40220195_T_G,LRRK2,False,0.99376744,0.14599228,282,9295
chr12_40431685_G_A,LRRK2,False,0.99376744,0.6853199,279,8899
chr12_40682332_G_A,LRRK2,False,0.99376744,0.20554543,302,17006
chr12_40438324_C_T,LRRK2,False,0.99376744,0.5292244,252,8899
chr12_40463015_T_A,LRRK2,False,0.99376744,0.27495766,302,9295
chr12_40009190_G_A,LRRK2,False,0.99376744,0.4563651,274,9691
chr4_89788227_T_C,SNCA,True,0.99376744,0.38459587,252,8107
chr5_71190085_G_A,SMN1,False,0.99376744,0.53059983,846,25718
chr4_90025578_A_T,SNCA,False,0.99376744,0.12940884,243,8107
chr5_71427225_C_T,SMN1,False,0.99376744,0.3470006,914,24134
chr4_3588682_G_A,HTT,False,0.99376744,0.27370834,1022,32846
chr1_154756918_C_T,GBA,False,0.99376744,0.29696178,1960,61358
chr1_155620001_G_T,GBA,False,0.99376744,0.15554214,4392,58190
chr1_155592792_T_C,GBA,False,0.99376744,0.2357006,1894,58982
chr12_40570404_A_G,LRRK2,False,0.9936224,0.15723896,672,18590
chr4_90029575_A_G,SNCA,False,0.9936224,0.123211384,135,8107
chr12_40582996_T_C,LRRK2,False,0.9936224,0.2917297,568,18590
chr12_40558148_G_A,LRRK2,False,0.9936224,0.42460012,1052,18590
chr12_40034759_G_T,LRRK2,False,0.9936224,0.14907551,478,10087
chr4_3499799_G_C,HTT,False,0.9936224,0.41964436,1344,32054
chr12_39923696_G_A,LRRK2,False,0.9936224,0.2528075,156,10879
chr4_89833406_G_A,SNCA,True,0.9936224,0.2999406,479,7711
chr12_40396071_T_C,LRRK2,False,0.9936224,0.24927282,251,8899
chr4_2814573_A_G,HTT,False,0.9936224,0.15028429,718,31262
chr12_40713130_A_C,LRRK2,False,0.9936224,0.12040162,444,17006
chr4_3722353_T_G,HTT,False,0.9936224,0.11088562,678,36014
chr12_40212114_G_A,LRRK2,False,0.9936224,0.121715546,170,9295
chr12_40677277_G_A,LRRK2,False,0.9936224,0.13436317,674,17006
chr4_90147462_A_T,SNCA,False,0.9936224,0.0676074,234,8107
chr12_40755562_A_T,LRRK2,False,0.9936224,0.10370064,98,14630
chr4_90337107_C_T,SNCA,False,0.9936224,0.09507012,112,6919
chr4_90192517_G_C,SNCA,False,0.9936224,0.23401523,117,8503
chr4_2785448_G_A,HTT,False,0.9936224,0.553113,204,29678
chr12_40164732_A_G,LRRK2,False,0.9936224,0.23771024,183,8503
chr12_40547542_C_G,LRRK2,False,0.9936224,0.095327616,420,18590
chr4_3600954_C_T,HTT,False,0.9936224,0.06680107,748,32054
chr4_90035696_G_T,SNCA,False,0.99347407,0.172642,1001,8107
chr4_89826348_C_T,SNCA,True,0.99347407,0.14719486,405,8107
chr4_3496443_C_T,HTT,False,0.99347407,0.09676647,574,32054
chr4_3645434_C_T,HTT,False,0.99347407,0.56398535,1030,34430
chr12_40111160_G_A,LRRK2,False,0.99347407,0.24648952,107,9691
chr4_3500436_A_G,HTT,False,0.99347407,0.10097122,666,32054
chr4_89826600_C_T,SNCA,True,0.99347407,0.30388355,183,8107
chr4_90007110_T_A,SNCA,False,0.99347407,0.062476635,79,8107
chr12_40589964_T_C,LRRK2,False,0.99347407,0.34253788,928,18590
chr4_3260876_T_G,HTT,False,0.99347407,0.109347105,868,29678
chr12_40430937_G_A,LRRK2,False,0.99347407,0.1428175,364,8899
chr4_3273923_A_G,HTT,False,0.99347407,0.14462376,1178,29678
chr12_40253146_G_A,LRRK2,True,0.99347407,0.07029629,181,9295
chr5_71007093_G_A,SMN1,False,0.99347407,0.41162968,1672,25718
chr4_3366605_C_T,HTT,False,0.99347407,0.07572079,724,28886
chr4_2754439_C_T,HTT,False,0.99347407,0.0956583,608,32846
chr4_3347100_T_G,HTT,False,0.99347407,0.39805818,446,28886
chr4_90013422_G_A,SNCA,False,0.99347407,0.13365936,263,8107
chr12_40368149_C_T,LRRK2,True,0.99347407,0.15421009,253,8899
chr12_40036798_T_G,LRRK2,False,0.99347407,0.16022038,68,10087
chr4_89832809_C_T,SNCA,True,0.99347407,0.07409668,184,7711
chr12_40565372_A_G,LRRK2,False,0.99347407,0.108615875,156,18590
chr4_90076204_G_C,SNCA,False,0.99347407,0.16303587,284,8107
chr5_71189070_T_C,SMN1,False,0.99332225,0.2967496,1972,25718
chr4_89956556_A_G,SNCA,False,0.99332225,0.094427586,319,8107
chr12_40464652_G_A,LRRK2,False,0.99332225,0.1303587,158,9295
chr12_40483491_G_A,LRRK2,False,0.99332225,0.16084576,301,9295
chr4_2768459_A_C,HTT,False,0.99332225,0.22557187,568,29678
chr4_90030807_G_A,SNCA,False,0.99332225,0.1265397,243,8107
chr12_40151294_C_T,LRRK2,False,0.99332225,0.19632149,204,8503
chr4_3488907_T_C,HTT,False,0.99332225,0.06286383,1764,32054
chr4_2779513_A_G,HTT,False,0.99332225,0.043457985,562,29678
chr12_40345691_G_A,LRRK2,True,0.99332225,0.15889859,97,8899
chr4_3468915_A_G,HTT,False,0.99332225,0.20353317,1466,32846
chr12_40611314_T_C,LRRK2,False,0.99332225,0.05303192,616,17798
chr4_3289674_G_T,HTT,False,0.99332225,0.12547207,956,28886
chr4_90105371_A_G,SNCA,False,0.99332225,0.14137697,197,8107
chr4_90095646_C_T,SNCA,False,0.99332225,0.6256149,382,8107
chr4_3599941_G_T,HTT,False,0.99332225,0.115240574,630,32054
chr12_40125159_C_T,LRRK2,False,0.99332225,0.12231827,196,9691
chr4_89762017_T_C,SNCA,True,0.99332225,0.1057477,432,8107
chr4_3530401_T_G,HTT,False,0.99332225,0.07177043,394,32054
chr4_89761176_G_A,SNCA,True,0.99332225,0.502161,143,8107
chr4_2809078_A_C,HTT,False,0.99332225,0.3034141,4726,31262
chr4_3056138_G_A,HTT,False,0.99332225,0.1285131,834,28886
chr4_3599926_A_G,HTT,False,0.99332225,0.06627369,604,32054
chr12_40593647_G_T,LRRK2,False,0.9931669,0.07148373,268,17798
chr4_2798567_C_T,HTT,False,0.9931669,0.54421616,2130,30470
chr12_40581214_T_C,LRRK2,False,0.9931669,0.18058372,514,18590
chr12_40513782_C_T,LRRK2,False,0.9931669,0.2942121,244,18590
chr12_40604489_T_C,LRRK2,False,0.9931669,0.17270231,688,17798
chr12_40501162_G_T,LRRK2,False,0.9931669,0.15439987,346,18590
chr4_2811043_G_A,HTT,False,0.9931669,0.050904274,144,31262
chr4_89401416_T_A,SNCA,False,0.9931669,0.1521182,392,8899
chr4_3095039_C_T,HTT,True,0.9931669,0.056354523,752,28886
chr4_3147289_A_G,HTT,True,0.9931669,0.10582042,638,28094
chr12_40743357_T_A,LRRK2,False,0.9931669,0.15973663,774,16214
chr4_90113898_T_C,SNCA,False,0.9931669,0.17364788,539,8107
chr12_40383895_T_C,LRRK2,False,0.9931669,0.11910629,363,8899
chr4_2819399_T_A,HTT,False,0.9931669,0.09368491,1182,31262
chr4_89914550_T_C,SNCA,False,0.9931669,0.09746075,104,8107
chr12_40612409_A_G,LRRK2,False,0.993008,0.36411095,474,17798
chr4_3372435_C_T,HTT,False,0.993008,0.22918177,1004,28886
chr12_40249666_C_T,LRRK2,True,0.993008,0.09095001,106,9295
chr12_40607737_T_G,LRRK2,False,0.993008,0.06564355,348,17798
chr12_40384200_T_C,LRRK2,False,0.993008,0.091722965,27,8899
chr4_90063080_C_T,SNCA,False,0.993008,0.11818218,210,8107
chr12_40404550_T_C,LRRK2,False,0.993008,0.068884134,351,8899
chr4_2791818_G_C,HTT,False,0.993008,0.08800912,710,30470
chr12_40084850_G_T,LRRK2,False,0.993008,0.100651264,355,9691
chr12_40160857_G_A,LRRK2,False,0.993008,0.5282824,280,8503
chr4_90021887_C_T,SNCA,False,0.993008,0.4392109,145,8107
chr4_90319712_T_G,SNCA,False,0.993008,0.095001936,261,6919
chr12_40705921_A_C,LRRK2,False,0.993008,0.27291012,444,17006
chr4_89715479_G_A,SNCA,False,0.993008,0.16814137,121,8107
chr4_89827337_T_C,SNCA,True,0.993008,0.2729454,995,8107
chr4_89958462_C_T,SNCA,False,0.993008,0.28965354,215,8107
chr12_40554999_G_A,LRRK2,False,0.993008,0.3083086,828,18590
chr12_40009850_G_A,LRRK2,False,0.993008,0.050673485,124,9691
chr12_40113554_C_G,LRRK2,False,0.993008,0.43843555,164,9691
chr4_90158588_T_A,SNCA,False,0.9928454,0.54623127,268,8107
chr4_3459490_A_G,HTT,False,0.9928454,0.16516018,528,33638
chr4_89833677_A_C,SNCA,True,0.9928454,0.44159794,227,7711
chr4_90321136_A_G,SNCA,False,0.9928454,0.09383869,181,6919
chr4_89831917_A_G,SNCA,True,0.9928454,0.20828533,465,8107
chr4_3505206_A_G,HTT,False,0.9928454,0.10713005,1320,32054
chr12_40136501_G_A,LRRK2,False,0.9928454,0.13406038,127,9295
chr12_40108843_T_A,LRRK2,False,0.9928454,0.055510998,67,9691
chr4_3501071_T_C,HTT,False,0.9928454,0.13452673,800,32054
chr12_40567000_C_T,LRRK2,False,0.9928454,0.09816456,434,18590
chr12_40486258_G_A,LRRK2,False,0.9928454,0.062034607,348,9295
chr4_90336382_G_C,SNCA,False,0.9928454,0.14254975,239,6919
chr4_89799214_T_C,SNCA,True,0.9928454,0.234869,480,8107
chr4_89825170_C_G,SNCA,True,0.9928454,0.042109013,199,8107
chr4_3512027_G_A,HTT,False,0.9928454,0.04378748,928,32054
chr12_40467501_G_A,LRRK2,False,0.9928454,0.22203827,83,9295
chr12_40448136_G_T,LRRK2,False,0.9928454,0.07576752,149,8899
chr12_40174737_C_T,LRRK2,False,0.9928454,0.39265013,245,8899
chr4_2950077_A_G,HTT,False,0.9928454,0.08201456,1342,30470
chr4_89713395_G_C,SNCA,False,0.9928454,0.20955849,440,8107
chr12_39822899_T_A,LRRK2,False,0.9928454,0.055808306,173,10087
chr4_3526393_C_G,HTT,False,0.9928454,0.036280632,834,32054
chr12_40662822_C_A,LRRK2,False,0.9928454,0.12311077,284,17006
chr5_71249896_C_A,SMN1,False,0.9928454,0.45126402,1218,27302
chr4_89710835_C_T,SNCA,False,0.9928454,0.74850655,70,8107
chr5_71177274_A_C,SMN1,False,0.9928454,0.4913442,1272,25718
chr12_40676053_G_A,LRRK2,False,0.9928454,0.10221195,444,17006
chr12_40707384_G_A,LRRK2,False,0.9928454,0.16616797,1048,17006
chr4_3600113_G_A,HTT,False,0.9928454,0.2139988,726,32054
chr12_40791489_G_A,LRRK2,False,0.992679,0.16592121,490,14630
chr12_40702210_A_G,LRRK2,False,0.992679,0.26192093,560,17006
chr5_71188368_T_C,SMN1,False,0.992679,0.12492657,3492,25718
chr4_89765768_C_T,SNCA,True,0.992679,0.5059366,136,8107
chr4_90040132_A_G,SNCA,False,0.992679,0.0609982,125,8107
chr12_40687231_G_T,LRRK2,False,0.992679,0.114020586,588,17006
chr12_40171076_G_C,LRRK2,False,0.992679,0.054056168,356,8899
chr4_3107715_A_G,HTT,True,0.992679,0.5690074,1708,28886
chr12_40448944_A_C,LRRK2,False,0.992679,0.2668028,172,8899
chr5_71273093_G_C,SMN1,False,0.992679,0.1267271,1128,27302
chr12_40755224_A_G,LRRK2,False,0.992679,0.25104165,162,14630
chr12_40373102_C_G,LRRK2,False,0.992679,0.20423281,152,8899
chr12_40551198_C_T,LRRK2,False,0.992679,0.058626413,746,18590
chr12_40743014_A_G,LRRK2,False,0.992679,0.17237616,752,16214
chr4_3716872_C_A,HTT,False,0.992679,0.09251213,794,36014
chr4_89709750_G_T,SNCA,False,0.992679,0.116575,94,8107
chr12_40484680_G_A,LRRK2,False,0.992679,0.110874176,89,9295
chr4_3488825_T_C,HTT,False,0.992679,0.09286356,930,32054
chr4_2776749_C_G,HTT,False,0.992679,0.12931728,562,29678
chr12_40152752_C_T,LRRK2,False,0.992679,0.06955242,123,8503
chr4_3709068_C_T,HTT,False,0.992679,0.27408695,464,36014
chr4_89989779_G_A,SNCA,False,0.992679,0.1390853,205,8107
chr4_89989823_G_A,SNCA,False,0.992679,0.06191826,230,8107
chr12_40495860_G_A,LRRK2,False,0.992679,0.21348953,998,18590
chr4_3506125_C_T,HTT,False,0.99250877,0.119351864,586,32054
chr12_40507243_T_C,LRRK2,False,0.99250877,0.2237072,410,18590
chr12_40489979_G_A,LRRK2,False,0.99250877,0.18861008,931,9295
chr4_89826260_T_G,SNCA,True,0.99250877,0.173383,272,8107
chr12_39924755_A_G,LRRK2,False,0.99250877,0.2190361,437,10879
chr4_89850348_A_G,SNCA,False,0.99250877,0.041039467,315,8107
chr4_3272181_C_T,HTT,False,0.99250877,0.37041998,856,29678
chr4_3269186_C_G,HTT,False,0.99250877,0.15657902,604,29678
chr4_3268884_A_G,HTT,False,0.99250877,0.094198704,866,29678
chr12_40191431_G_A,LRRK2,False,0.99250877,0.16647625,168,8899
chr4_3523204_A_G,HTT,False,0.99250877,0.12139225,1218,32054
chr4_3362679_G_C,HTT,False,0.99250877,0.04649639,478,28094
chr4_89960724_C_T,SNCA,False,0.99250877,0.12909412,201,8107
chr4_2768929_C_T,HTT,False,0.99250877,0.3881693,578,30470
chr12_40453063_T_C,LRRK2,False,0.99250877,0.16846561,511,8899
chr4_90273956_C_T,SNCA,False,0.99250877,0.42122483,175,6523
chr12_40437793_C_G,LRRK2,False,0.99250877,0.2646408,269,8899
chr4_90017664_G_T,SNCA,False,0.99250877,0.24739456,285,8107
chr4_90147518_A_T,SNCA,False,0.9923346,0.050651073,36,8107
chr4_3522527_C_T,HTT,False,0.9923346,0.3831644,1580,32054
chr12_40483068_G_A,LRRK2,False,0.9923346,0.09468055,259,9295
chr4_2805140_C_G,HTT,False,0.9923346,0.3130734,848,31262
chr4_89968775_C_T,SNCA,False,0.9923346,0.32166767,225,8107
chr12_40541830_T_C,LRRK2,False,0.9923346,0.2611909,1034,18590
chr12_40612286_C_T,LRRK2,False,0.9923346,0.13185215,522,17798
chr4_89706976_A_G,SNCA,False,0.9923346,0.18138695,180,8107
chr12_40682079_G_A,LRRK2,False,0.9923346,0.21981812,172,17006
chr4_90207097_G_T,SNCA,False,0.9923346,0.2794485,536,8503
chr4_89826553_A_G,SNCA,True,0.9923346,0.25406647,181,8107
chr4_89721972_C_T,SNCA,False,0.9923346,0.09185934,160,8107
chr4_3469600_A_G,HTT,False,0.9923346,0.14352274,406,32846
chr12_40606628_C_T,LRRK2,False,0.9923346,0.040429592,274,17798
chr12_40434863_A_G,LRRK2,False,0.9923346,0.2272501,1135,8899
chr4_90061761_A_G,SNCA,False,0.9923346,0.42307496,145,8107
chr12_40610407_C_T,LRRK2,False,0.9923346,0.23326814,282,17798
chr12_40164988_C_T,LRRK2,False,0.9923346,0.14974785,152,8503
chr4_90142596_G_A,SNCA,False,0.9921564,0.25840664,219,8107
chr12_40585984_T_C,LRRK2,False,0.9921564,0.09447813,752,18590
chr12_40362885_T_C,LRRK2,True,0.9921564,0.04812336,119,8899
chr4_89788948_C_T,SNCA,True,0.9921564,0.20189929,92,8107
chr12_40425916_C_T,LRRK2,False,0.9921564,0.14303255,244,8899
chr4_2897881_C_T,HTT,False,0.9921564,0.08263755,248,28886
chr12_40108943_T_C,LRRK2,False,0.9921564,0.048835278,156,9691
chr4_90315920_A_T,SNCA,False,0.9921564,0.071528435,241,6919
chr4_3353308_A_G,HTT,False,0.9921564,0.10457659,1204,28886
chr4_2801852_A_C,HTT,False,0.9921564,0.36435318,1539,31262
chr4_3578359_G_A,HTT,False,0.9921564,0.18077087,398,32054
chr4_89582452_G_A,SNCA,False,0.9921564,0.26490974,312,9295
chr4_3437504_T_C,HTT,False,0.9921564,0.10116482,1040,33638
chr4_2580293_C_T,HTT,False,0.9921564,0.13346958,214,34430
chr12_40438359_T_C,LRRK2,False,0.9921564,0.113576174,283,8899
chr4_90152792_G_A,SNCA,False,0.9921564,0.13183641,97,8107
chr4_89654795_A_C,SNCA,False,0.9921564,0.33501816,309,8503
chr12_40353383_C_T,LRRK2,True,0.9921564,0.13433337,964,8899
chr4_3434287_C_A,HTT,False,0.9921564,0.07479668,1122,33638
chr5_71190084_C_T,SMN1,False,0.9921564,0.5634227,646,25718
chr12_40507819_C_T,LRRK2,False,0.99197406,0.15823531,666,18590
chr12_40383445_G_A,LRRK2,False,0.99197406,0.10258198,428,8899
chr12_40770136_A_T,LRRK2,False,0.99197406,0.4267726,270,14630
chr12_40407694_C_T,LRRK2,False,0.99197406,0.115641594,128,8899
chr12_40170140_C_G,LRRK2,False,0.99197406,0.02939868,127,8899
chr4_3648019_T_C,HTT,False,0.99197406,0.11739397,428,34430
chr4_2826676_G_C,HTT,False,0.99197406,0.11031628,1992,30470
chr4_3278018_C_T,HTT,False,0.99197406,0.2004242,958,29678
chr4_90321322_T_C,SNCA,False,0.99197406,0.094044924,188,6919
chr4_89841046_A_C,SNCA,False,0.99197406,0.20244503,125,7711
chr4_3584937_C_G,HTT,False,0.99197406,0.09621525,1360,33638
chr12_40285467_T_A,LRRK2,True,0.99197406,0.10255051,326,9295
chr12_40640729_A_G,LRRK2,False,0.99197406,0.2551713,944,17006
chr12_40595289_G_A,LRRK2,False,0.99197406,0.1265974,114,17798
chr12_40632191_A_C,LRRK2,False,0.99197406,0.1987896,136,17006
chr12_40042305_C_T,LRRK2,False,0.99197406,0.12525868,100,10087
chr12_40583615_C_A,LRRK2,False,0.9917875,0.111385345,1246,18590
chr12_40166866_T_G,LRRK2,False,0.9917875,0.056660652,80,8503
chr12_40505908_G_C,LRRK2,False,0.9917875,0.04626131,306,18590
chr12_40448365_C_T,LRRK2,False,0.9917875,0.16292477,199,8899
chr12_40628949_A_C,LRRK2,False,0.9917875,0.37526298,670,17798
chr12_40379974_C_T,LRRK2,False,0.9917875,0.04600811,123,8899
chr4_89757647_G_A,SNCA,True,0.9917875,0.18696404,148,8107
chr12_40276651_C_T,LRRK2,True,0.9917875,0.27446866,228,9295
chr4_3509558_T_C,HTT,False,0.9917875,0.091174126,1996,32054
chr4_90144974_C_T,SNCA,False,0.9917875,0.32192802,94,8107
chr4_3464606_G_C,HTT,False,0.9917875,0.08835554,1186,32846
chr4_3528528_C_A,HTT,False,0.9917875,0.13503695,1018,32054
chr12_40699146_C_T,LRRK2,False,0.9917875,0.13383722,970,17006
chr12_40113336_A_T,LRRK2,False,0.9917875,0.030656815,133,9691
chr4_89500549_G_A,SNCA,False,0.9917875,0.12401056,269,9295
chr4_2817730_T_G,HTT,False,0.9917875,0.07204628,1308,31262
chr12_40491079_A_G,LRRK2,False,0.9917875,0.14002657,984,9295
chr4_90113835_A_G,SNCA,False,0.9917875,0.055520535,196,8107
chr12_40563956_C_A,LRRK2,False,0.9917875,0.42583275,344,18590
chr5_71169923_C_A,SMN1,False,0.9917875,0.16366625,892,25718
chr12_40344501_G_A,LRRK2,True,0.9917875,0.4701357,202,8899
chr12_40096735_A_T,LRRK2,False,0.9917875,0.1101532,126,9691
chr4_89505156_T_C,SNCA,False,0.9917875,0.35900402,482,9295
chr12_40353660_C_A,LRRK2,True,0.9917875,0.15599108,1725,8899
chr12_40584378_T_C,LRRK2,False,0.99159664,0.12417984,302,18590
chr4_89858672_A_G,SNCA,False,0.99159664,0.13020134,244,8107
chr4_3490177_C_T,HTT,False,0.99159664,0.16951895,2222,32054
chr4_89760644_A_T,SNCA,True,0.99159664,0.10623932,120,8107
chr4_89845944_A_C,SNCA,False,0.99159664,0.18473434,139,8107
chr12_40541994_A_C,LRRK2,False,0.99159664,0.10021496,390,18590
chr12_40629668_G_A,LRRK2,False,0.99159664,0.10681051,560,17798
chr4_90125568_T_C,SNCA,False,0.99159664,0.31989694,561,8107
chr5_71114221_T_C,SMN1,False,0.99159664,0.554966,570,25718
chr12_40459085_A_T,LRRK2,False,0.99159664,0.06581497,383,9295
chr4_89833939_A_T,SNCA,True,0.99159664,0.11966157,72,7711
chr5_71125439_A_T,SMN1,False,0.99159664,0.052322865,498,25718
chr12_40562956_A_C,LRRK2,False,0.99159664,0.11319208,794,18590
chr12_40117665_G_A,LRRK2,False,0.99159664,0.1894598,237,9691
chr12_40441794_T_G,LRRK2,False,0.99159664,0.09974146,125,8899
chr12_40490864_C_A,LRRK2,False,0.9914013,0.18465829,237,9295
chr4_90141334_G_A,SNCA,False,0.9914013,0.22035122,194,8107
chr12_40589409_C_T,LRRK2,False,0.9914013,0.3323226,1082,18590
chr4_2807172_G_C,HTT,False,0.9914013,0.14419556,652,31262
chr12_40267078_A_T,LRRK2,True,0.9914013,0.110649586,692,9295
chr12_40703443_C_T,LRRK2,False,0.9914013,0.073094845,376,17006
chr12_40705705_C_T,LRRK2,False,0.9914013,0.054107666,208,17006
chr4_90269335_C_T,SNCA,False,0.9914013,0.067175865,227,7315
chr12_40578548_A_G,LRRK2,False,0.9914013,0.30280733,284,18590
chr4_3517388_T_C,HTT,False,0.9914013,0.12184143,536,32054
chr12_40573567_C_A,LRRK2,False,0.9914013,0.16757298,902,18590
chr12_40080636_C_T,LRRK2,False,0.9914013,0.16187477,258,9691
chr12_40378741_G_A,LRRK2,False,0.9914013,0.19647884,83,8899
chr4_89958041_A_G,SNCA,False,0.9914013,0.070542336,93,8107
chr12_40495679_C_T,LRRK2,False,0.9914013,0.07379913,186,18590
chr4_89952270_T_C,SNCA,False,0.9912015,0.22276402,421,8107
chr12_40109231_T_A,LRRK2,False,0.9912015,0.18259144,246,9691
chr4_89823019_A_T,SNCA,True,0.9912015,0.13147831,792,8107
chr4_2788451_G_C,HTT,False,0.9912015,0.20710182,524,29678
chr12_40099366_G_C,LRRK2,False,0.9912015,0.082577705,383,9691
chr12_40043877_C_A,LRRK2,False,0.9912015,0.2954893,220,10087
chr5_71157558_G_C,SMN1,False,0.9912015,0.1915183,2816,25718
chr4_3346145_C_T,HTT,False,0.9912015,0.34501266,404,28886
chr12_40867202_G_A,LRRK2,False,0.9912015,0.15005112,222,13838
chr4_89722472_A_G,SNCA,False,0.9912015,0.1364479,205,8107
chr4_90096994_A_G,SNCA,False,0.9912015,0.6123953,165,8107
chr12_40737953_G_A,LRRK2,False,0.9912015,0.24115562,970,16214
chr4_90315811_C_T,SNCA,False,0.9912015,0.39394403,157,6919
chr12_40266273_T_C,LRRK2,True,0.9912015,0.13404799,158,9295
chr4_3434335_G_A,HTT,False,0.9912015,0.067448616,576,33638
chr4_3650760_G_A,HTT,False,0.9912015,0.11596489,828,34430
chr4_2765576_G_A,HTT,False,0.9912015,0.24278545,872,32054
chr12_40163436_C_A,LRRK2,False,0.9912015,0.178051,226,8503
chr4_90059729_A_C,SNCA,False,0.9912015,0.18397999,332,8107
chr4_90038926_G_T,SNCA,False,0.9912015,0.13219786,471,8107
chr4_90173780_G_A,SNCA,False,0.9909971,0.23925495,115,8503
chr4_3395022_C_A,HTT,False,0.9909971,0.2883091,1302,29678
chr4_90181499_A_G,SNCA,False,0.9909971,0.18227386,217,8503
chr12_40004018_C_G,LRRK2,False,0.9909971,0.096431255,194,9691
chr12_40634115_A_G,LRRK2,False,0.9909971,0.8204756,762,17006
chr4_3596305_G_C,HTT,False,0.9909971,0.1681571,826,32846
chr12_40250565_C_T,LRRK2,True,0.9909971,0.08738732,337,9295
chr12_40364243_T_G,LRRK2,True,0.9909971,0.13996744,402,8899
chr4_90059627_A_G,SNCA,False,0.9909971,0.1804657,609,8107
chr4_89764647_A_G,SNCA,True,0.9909971,0.11300945,52,8107
chr4_2792222_T_C,HTT,False,0.9909971,0.2325716,638,30470
chr12_39895734_G_A,LRRK2,False,0.9909971,0.14151049,1621,10483
chr12_40386702_G_A,LRRK2,False,0.9909971,0.23526144,296,8899
chr4_89834026_A_C,SNCA,True,0.9909971,0.21724033,497,7711
chr12_40456708_T_A,LRRK2,False,0.9909971,0.06477928,327,9295
chr12_40575293_C_T,LRRK2,False,0.9909971,0.32833076,302,18590
chr4_3233862_C_T,HTT,True,0.9909971,0.16083598,914,28094
chr4_3492328_T_C,HTT,False,0.9909971,0.16320181,2546,32054
chr4_2803045_G_T,HTT,False,0.9909971,0.21783733,422,31262
chr12_40386362_T_C,LRRK2,False,0.9909971,0.3000729,447,8899
chr4_89390154_T_C,SNCA,False,0.9907879,0.27891827,251,8899
chr4_90024628_A_G,SNCA,False,0.9907879,0.2764516,414,8107
chr12_40583442_G_A,LRRK2,False,0.9907879,0.37148786,532,18590
chr4_90049110_C_T,SNCA,False,0.9907879,0.4280362,255,8107
chr4_2778317_G_C,HTT,False,0.9907879,0.13724041,474,29678
chr4_89975832_C_A,SNCA,False,0.9907879,0.13790298,78,8107
chr12_40541429_C_G,LRRK2,False,0.9907879,0.28134608,546,18590
chr12_40636048_G_A,LRRK2,False,0.9907879,2.3208528,294,17006
chr12_40251828_G_A,LRRK2,True,0.9907879,0.12509799,253,9295
chr12_40672105_C_T,LRRK2,False,0.9907879,0.17552328,222,17006
chr4_90026642_T_G,SNCA,False,0.9907879,0.10643363,317,8107
chr4_89831519_A_C,SNCA,True,0.9907879,0.3016715,573,8107
chr4_3495704_G_C,HTT,False,0.9907879,0.036564827,1166,32054
chr4_89955088_G_T,SNCA,False,0.9907879,0.39137793,97,8107
chr4_89825315_G_A,SNCA,True,0.9907879,0.16518784,73,8107
chr4_89544476_G_A,SNCA,False,0.9907879,0.26881456,289,9295
chr4_3466304_C_T,HTT,False,0.9907879,0.072402954,856,32846
chr12_40437326_A_G,LRRK2,False,0.9907879,0.083581924,285,8899
chr4_90172469_G_A,SNCA,False,0.9907879,0.07994938,227,8503
chr12_40021792_T_C,LRRK2,False,0.9907879,0.18513906,328,9691
chr12_40554458_T_G,LRRK2,False,0.99057394,0.09905338,846,18590
chr12_40481348_G_T,LRRK2,False,0.99057394,0.08914471,89,9295
chr4_89824132_T_C,SNCA,True,0.99057394,0.05108738,152,8107
chr4_89725735_G_A,SNCA,True,0.99057394,0.1751771,530,8107
chr12_40756144_T_A,LRRK2,False,0.99057394,0.06429863,336,14630
chr12_40812208_G_A,LRRK2,False,0.99057394,0.12990952,280,13838
chr12_40544949_A_G,LRRK2,False,0.99057394,0.026053905,696,18590
chr4_90150510_G_T,SNCA,False,0.99057394,0.12205744,279,8107
chr12_40579940_G_T,LRRK2,False,0.99057394,0.1893003,314,18590
chr4_3468099_A_T,HTT,False,0.99057394,0.047804832,1142,32846
chr12_40665890_A_T,LRRK2,False,0.99057394,0.36085224,326,17798
chr4_89975658_T_C,SNCA,False,0.99057394,0.23168945,272,8107
chr12_40620061_C_G,LRRK2,False,0.99057394,0.16115475,116,17798
chr4_90276259_C_T,SNCA,False,0.99057394,0.2215457,464,6523
chr4_2804621_C_T,HTT,False,0.99057394,0.08680439,668,31262
chr4_89518612_G_T,SNCA,False,0.99057394,0.43141508,164,9295
chr12_40587993_G_A,LRRK2,False,0.99057394,0.08161831,320,18590
chr4_3719692_A_G,HTT,False,0.99057394,0.09273529,524,36014
chr12_40441546_T_C,LRRK2,False,0.99035496,0.09641266,196,8899
chr12_40446203_C_T,LRRK2,False,0.99035496,0.57382154,258,8899
chr12_40438771_C_T,LRRK2,False,0.99035496,0.60294294,157,8899
chr4_90051693_T_C,SNCA,False,0.99035496,0.06439781,172,8107
chr4_89518505_A_G,SNCA,False,0.99035496,0.16375685,121,9295
chr4_3514642_G_A,HTT,False,0.99035496,0.044330597,886,32054
chr4_3513211_A_G,HTT,False,0.99035496,0.06232238,902,32054
chr12_40620941_G_A,LRRK2,False,0.99035496,0.12445164,410,17798
chr4_89832960_A_G,SNCA,True,0.99035496,0.27655143,317,7711
chr4_3605148_G_T,HTT,False,0.99035496,0.06911802,494,32846
chr5_71130183_T_C,SMN1,False,0.99035496,0.073494434,830,25718
chr12_40623475_T_C,LRRK2,False,0.99035496,0.19145727,754,17798
chr4_90315954_A_C,SNCA,False,0.99035496,0.09076166,346,6919
chr12_40098010_C_G,LRRK2,False,0.99035496,0.16623497,225,9691
chr4_89955698_G_A,SNCA,False,0.99035496,0.08353257,259,8107
chr12_40506335_G_A,LRRK2,False,0.99035496,0.3693695,236,18590
chr4_89795865_A_G,SNCA,True,0.99035496,0.14179754,209,8107
chr12_40439003_G_T,LRRK2,False,0.99013096,0.16677856,142,8899
chr12_40263423_G_A,LRRK2,True,0.99013096,0.3131342,198,9295
chr12_40666073_C_A,LRRK2,False,0.99013096,0.18961716,306,17798
chr12_40419931_T_C,LRRK2,False,0.99013096,0.08715582,115,8899
chr12_40727235_G_T,LRRK2,False,0.99013096,0.26132822,928,17006
chr12_40558043_G_A,LRRK2,False,0.99013096,0.34052753,236,18590
chr4_89711617_G_T,SNCA,False,0.99013096,0.15611982,184,8107
chr4_2800682_C_T,HTT,False,0.99013096,0.0758667,836,31262
chr4_3509338_T_C,HTT,False,0.99013096,0.16081429,1782,32054
chr4_90292954_C_G,SNCA,False,0.9899018,0.07537985,173,6523
chr4_3511398_A_G,HTT,False,0.9899018,0.047953606,924,32054
chr12_40575972_A_T,LRRK2,False,0.9899018,0.20112419,188,18590
chr4_2819988_C_G,HTT,False,0.9899018,0.34655762,162,30470
chr4_89941524_C_T,SNCA,False,0.9899018,0.21906984,204,8107
chr12_40490102_G_A,LRRK2,False,0.9899018,0.08734226,573,9295
chr12_40439166_A_C,LRRK2,False,0.9899018,0.17347288,408,8899
chr12_40082812_C_T,LRRK2,False,0.9899018,0.07302189,365,9691
chr4_3113105_G_A,HTT,True,0.9899018,0.32955837,272,29678
chr4_89515998_T_C,SNCA,False,0.9899018,0.08523512,167,9295
chr12_40557794_A_G,LRRK2,False,0.9896673,0.15193462,458,18590
chr12_40552646_A_G,LRRK2,False,0.9896673,0.18163037,838,18590
chr12_40120436_A_G,LRRK2,False,0.9896673,0.07043767,355,9691
chr12_40680586_T_C,LRRK2,False,0.9896673,0.21792841,686,17006
chr12_40467063_T_C,LRRK2,False,0.9896673,0.07955861,142,9295
chr12_40441153_C_A,LRRK2,False,0.9896673,0.34406567,126,8899
chr5_71300650_T_G,SMN1,False,0.9896673,0.052977562,344,26510
chr4_89715338_G_T,SNCA,False,0.9896673,0.35791302,178,8107
chr12_40660704_C_T,LRRK2,False,0.9896673,0.045828342,242,17006
chr12_40238298_C_T,LRRK2,True,0.9896673,0.31473732,463,9295
chr12_40606207_G_A,LRRK2,False,0.9896673,0.058522463,286,17798
chr12_40008631_A_G,LRRK2,False,0.9896673,0.18657398,354,9691
chr12_39993318_T_G,LRRK2,False,0.9896673,0.08252382,234,9691
chr4_3385844_G_A,HTT,False,0.9896673,0.1959796,872,29678
chr4_89707288_C_G,SNCA,False,0.9896673,0.06759024,119,8107
chr4_90003274_C_T,SNCA,False,0.9896673,0.23748016,197,8107
chr4_90040880_A_T,SNCA,False,0.9896673,0.07979715,145,8107
chr4_3501641_G_A,HTT,False,0.98942745,0.08100414,1018,32054
chr12_40391713_G_T,LRRK2,False,0.98942745,0.19931185,114,8899
chr4_89714302_A_T,SNCA,False,0.98942745,0.15860558,128,8107
chr12_40165566_C_T,LRRK2,False,0.98942745,0.36671686,141,8503
chr5_71280081_G_A,SMN1,False,0.98942745,0.22744262,136,26510
chr12_40276999_C_T,LRRK2,True,0.98942745,0.13645601,232,9295
chr4_90062466_C_T,SNCA,False,0.98942745,0.03819847,135,8107
chr4_90113899_A_G,SNCA,False,0.98942745,0.20285988,533,8107
chr4_3599827_G_A,HTT,False,0.98942745,0.1108799,688,32054
chr12_40347033_T_G,LRRK2,True,0.98942745,0.06692767,166,8899
chr4_90298102_C_G,SNCA,False,0.98942745,0.63720036,169,6523
chr12_40117381_A_T,LRRK2,False,0.98942745,0.0768919,112,9691
chr4_90176668_A_G,SNCA,False,0.98942745,0.2921691,247,8503
chr4_89967388_T_C,SNCA,False,0.98942745,0.06924343,127,8107
chr12_39880428_C_A,LRRK2,False,0.98942745,0.12275982,274,10483
chr12_40586882_C_T,LRRK2,False,0.989182,0.22674942,256,18590
chr4_90159473_T_C,SNCA,False,0.989182,0.34860706,133,8503
chr4_89902126_G_T,SNCA,False,0.989182,0.1284461,139,8107
chr12_40665781_G_A,LRRK2,False,0.989182,0.17183685,532,17798
chr4_90154199_G_A,SNCA,False,0.989182,0.17435956,1180,8107
chr12_40495802_C_T,LRRK2,False,0.989182,0.23897266,686,18590
chr12_40352036_T_C,LRRK2,True,0.989182,0.36476803,287,8899
chr12_40214089_A_C,LRRK2,False,0.989182,0.08659315,97,9295
chr4_90068829_C_T,SNCA,False,0.989182,0.4112606,171,8107
chr12_40669721_A_G,LRRK2,False,0.989182,0.06628132,640,17006
chr4_89832093_T_C,SNCA,True,0.989182,0.08687782,365,8107
chr12_40131790_G_A,LRRK2,False,0.989182,0.26745987,180,9691
chr12_40352100_G_C,LRRK2,True,0.9889309,0.16596532,232,8899
chr12_40383514_T_G,LRRK2,False,0.9889309,0.08061886,342,8899
chr4_90332097_G_A,SNCA,False,0.9889309,0.12443042,145,6919
chr12_40044044_A_G,LRRK2,False,0.9889309,0.052886486,155,10087
chr4_2814079_C_T,HTT,False,0.9889309,0.10920715,302,31262
chr12_40098140_T_C,LRRK2,False,0.9889309,0.057908773,104,9691
chr12_40606627_G_T,LRRK2,False,0.9889309,0.038675785,460,17798
chr4_90168780_G_A,SNCA,False,0.9889309,0.104477406,124,8503
chr12_40528810_C_A,LRRK2,False,0.9889309,0.3187157,338,18590
chr4_3269499_T_G,HTT,False,0.9889309,0.08184242,738,29678
chr12_40293852_A_G,LRRK2,True,0.9889309,0.05212879,145,9295
chr12_40245759_A_G,LRRK2,True,0.9889309,0.04038906,133,9295
chr12_40264453_T_C,LRRK2,True,0.9889309,0.09727478,390,9295
chr12_40146691_A_T,LRRK2,False,0.9889309,0.11435318,126,8899
chr4_89986350_G_C,SNCA,False,0.9889309,0.25581455,163,8107
chr12_40496883_C_T,LRRK2,False,0.9889309,0.18049026,270,18590
chr4_90177988_C_T,SNCA,False,0.9889309,0.08073807,174,8503
chr12_40468283_T_G,LRRK2,False,0.9889309,0.1105423,279,9295
chr12_39771173_C_T,LRRK2,False,0.9889309,0.51371217,178,10087
chr4_3497410_A_C,HTT,False,0.9889309,0.26354027,912,32054
chr12_40442193_G_A,LRRK2,False,0.9889309,0.31091452,61,8899
chr4_89966387_C_T,SNCA,False,0.988674,0.24342966,32,8107
chr4_90281207_C_T,SNCA,False,0.988674,0.23343372,146,6523
chr12_40678893_G_T,LRRK2,False,0.988674,0.055343628,384,17006
chr12_40532106_A_C,LRRK2,False,0.988674,0.03347969,138,18590
chr4_90088607_T_A,SNCA,False,0.988674,0.06181538,195,8107
chr4_90131107_C_T,SNCA,False,0.988674,0.09127998,59,8107
chr12_40396379_G_A,LRRK2,False,0.988674,0.14415741,172,8899
chr12_40428210_C_T,LRRK2,False,0.988674,0.05679226,157,8899
chr4_89518932_A_T,SNCA,False,0.988674,0.10781765,185,9295
chr4_90189175_G_A,SNCA,False,0.988674,0.14261913,171,8503
chr12_40159756_A_G,LRRK2,False,0.988674,0.15535927,633,8503
chr4_89965573_G_T,SNCA,False,0.9884112,0.123325825,282,8107
chr12_40682252_G_A,LRRK2,False,0.9884112,0.14229298,416,17006
chr4_89960878_A_T,SNCA,False,0.9884112,0.032993317,211,8107
chr4_89786796_T_C,SNCA,True,0.9884112,0.16620922,144,8107
chr4_89968807_G_C,SNCA,False,0.9884112,0.168221,82,8107
chr12_40546685_T_G,LRRK2,False,0.9884112,0.2896893,528,18590
chr4_89962939_T_C,SNCA,False,0.9884112,0.18068933,136,8107
chr4_90068682_G_A,SNCA,False,0.9884112,0.11189747,71,8107
chr12_40678220_C_T,LRRK2,False,0.9881423,0.09147596,464,17006
chr12_40735271_T_A,LRRK2,False,0.9881423,0.03566265,300,16214
chr4_90035837_A_G,SNCA,False,0.9881423,0.06834221,70,8107
chr4_90138361_A_G,SNCA,False,0.9881423,0.16700268,154,8107
chr12_40578015_T_C,LRRK2,False,0.9881423,0.34216976,498,18590
chr5_71002494_C_T,SMN1,False,0.9881423,0.3940258,628,25718
chr4_89968835_T_C,SNCA,False,0.9881423,0.20994902,98,8107
chr12_40394975_A_G,LRRK2,False,0.9881423,0.19097424,375,8899
chr4_3646649_G_C,HTT,False,0.9881423,0.04914856,510,34430
chr12_40179539_G_A,LRRK2,False,0.9881423,0.1224165,182,8899
chr4_90050681_G_A,SNCA,False,0.9881423,0.15402412,166,8107
chr12_39978218_T_G,LRRK2,False,0.9881423,0.0850749,125,10087
chr12_40384284_A_T,LRRK2,False,0.9881423,0.11120379,227,8899
chr12_40431211_A_G,LRRK2,False,0.9881423,0.09350109,132,8899
chr4_90043936_A_G,SNCA,False,0.9881423,0.12091136,336,8107
chr4_90002099_T_C,SNCA,False,0.98786724,0.09074879,96,8107
chr12_40393002_T_C,LRRK2,False,0.98786724,0.13059759,232,8899
chr4_89992401_G_A,SNCA,False,0.98786724,0.13619137,123,8107
chr12_40604796_G_C,LRRK2,False,0.98786724,0.08023119,278,17798
chr12_40165260_T_C,LRRK2,False,0.98786724,0.15148401,196,8503
chr12_40251072_C_T,LRRK2,True,0.98786724,0.08968663,77,9295
chr12_40479770_C_G,LRRK2,False,0.98786724,0.29527807,430,9295
chr4_89716274_T_C,SNCA,False,0.98786724,0.13707066,416,8107
chr12_40539177_G_A,LRRK2,False,0.98786724,0.25814247,1202,18590
chr5_71187461_C_T,SMN1,False,0.98786724,0.2951212,190,25718
chr4_90026245_G_A,SNCA,False,0.9875858,0.10553455,170,8107
chr4_89964276_A_G,SNCA,False,0.9875858,0.337605,160,8107
chr4_89814873_A_T,SNCA,True,0.9875858,0.032917976,117,8107
chr4_2834901_C_T,HTT,False,0.9875858,0.06997204,1010,30470
chr4_90020200_A_G,SNCA,False,0.9875858,0.08671999,83,8107
chr12_40478399_C_G,LRRK2,False,0.9875858,0.058641434,269,9295
chr4_89579249_G_C,SNCA,False,0.9875858,0.13639688,176,9295
chr4_2791532_A_G,HTT,False,0.9875858,0.063759804,288,30470
chr4_3722527_T_C,HTT,False,0.9875858,0.14831209,704,36014
chr4_89818952_G_T,SNCA,True,0.9875858,0.36454058,108,8107
chr12_40146681_A_T,LRRK2,False,0.9875858,0.0718317,137,8899
chr12_40571571_G_C,LRRK2,False,0.9875858,0.075127125,420,18590
chr4_90276263_C_T,SNCA,False,0.9875858,0.2745924,622,6523
chr4_2826498_C_T,HTT,False,0.9875858,0.1212306,3176,30470
chr12_40466584_A_G,LRRK2,False,0.9875858,0.111791134,270,9295
chr4_3517707_G_A,HTT,False,0.9875858,0.20367908,1090,32054
chr12_40118939_G_A,LRRK2,False,0.9875858,0.15799284,75,9691
chr4_89797568_C_T,SNCA,True,0.9875858,0.24747276,59,8107
chr4_90272918_G_A,SNCA,False,0.9872979,0.34203053,48,6523
chr12_40389572_C_T,LRRK2,False,0.9872979,0.24699402,159,8899
chr12_40120850_T_C,LRRK2,False,0.9872979,0.13827324,351,9691
chr12_40437767_C_T,LRRK2,False,0.9872979,0.27321053,233,8899
chr4_89465345_C_G,SNCA,False,0.9872979,0.1803155,139,8899
chr12_40548509_C_A,LRRK2,False,0.9872979,0.07642269,208,18590
chr12_40019896_G_A,LRRK2,False,0.9872979,0.35258913,135,9691
chr12_40742977_A_G,LRRK2,False,0.9872979,0.084619045,278,16214
chr4_90217189_T_C,SNCA,False,0.9870033,0.07677269,82,8503
chr4_89731537_T_G,SNCA,True,0.9870033,0.05253029,184,8107
chr4_2877879_G_A,HTT,False,0.9870033,0.14523125,418,28886
chr4_89975833_G_A,SNCA,False,0.9870033,0.14479303,136,8107
chr12_40444344_A_T,LRRK2,False,0.9870033,0.31967545,298,8899
chr12_40118186_G_T,LRRK2,False,0.9870033,0.107824564,79,9691
chr4_89967387_A_G,SNCA,False,0.9870033,0.061492443,87,8107
chr12_40480006_C_A,LRRK2,False,0.9870033,0.08593559,395,9295
chr4_89902125_A_T,SNCA,False,0.9870033,0.047196627,220,8107
chr12_40481549_A_C,LRRK2,False,0.9870033,0.24322891,87,9295
chr12_40163993_C_G,LRRK2,False,0.9870033,0.120904684,103,8503
chr12_40593068_T_C,LRRK2,False,0.986702,0.13444376,542,17798
chr4_90045530_T_G,SNCA,False,0.986702,0.26628017,251,8107
chr4_89968163_C_T,SNCA,False,0.986702,0.070271015,176,8107
chr4_3150086_C_T,HTT,True,0.986702,0.14692879,372,28094
chr12_40819056_C_A,LRRK2,False,0.986702,0.069657326,168,13838
chr12_40392713_T_C,LRRK2,False,0.986702,0.1293571,231,8899
chr5_71016513_T_A,SMN1,False,0.986702,0.18698406,466,26510
chr12_40545727_T_A,LRRK2,False,0.986702,0.06678915,484,18590
chr4_89832326_G_A,SNCA,True,0.986702,0.05651951,124,7711
chr12_40128020_T_C,LRRK2,False,0.986702,0.4394338,273,9691
chr12_40111698_G_A,LRRK2,False,0.98639375,0.12616873,253,9691
chr12_40168940_G_T,LRRK2,False,0.98639375,0.2236948,155,8899
chr4_89934781_T_C,SNCA,False,0.98639375,0.12678528,616,8107
chr4_90054037_C_T,SNCA,False,0.98639375,0.9233774,102,8107
chr4_90050649_C_A,SNCA,False,0.98639375,0.1656785,23,8107
chr12_40485044_C_T,LRRK2,False,0.98639375,0.12893867,285,9295
chr12_40610371_C_T,LRRK2,False,0.98639375,1.1789122,552,17798
chr4_90035865_G_C,SNCA,False,0.98639375,0.0345726,198,8107
chr12_40492162_G_A,LRRK2,False,0.98639375,0.20309258,173,9295
chr4_2803258_G_A,HTT,False,0.98639375,0.067043304,528,31262
chr4_89722363_T_C,SNCA,False,0.98639375,0.14712715,580,8107
chr4_89790619_T_C,SNCA,True,0.9860784,0.11819816,157,8107
chr12_40606260_A_T,LRRK2,False,0.9860784,0.051803708,316,17798
chr5_71161521_T_G,SMN1,False,0.9860784,0.06841326,842,25718
chr12_40390706_A_G,LRRK2,False,0.9860784,0.58856964,148,8899
chr4_89717874_G_T,SNCA,False,0.9860784,0.22998333,120,8107
chr12_40209514_T_C,LRRK2,False,0.9860784,0.1265037,272,9295
chr12_40128204_A_G,LRRK2,False,0.9860784,0.22503424,188,9691
chr4_90245636_G_T,SNCA,False,0.9860784,0.095152855,144,7711
chr12_40690695_A_C,LRRK2,False,0.9860784,0.19099379,514,17006
chr4_90020357_A_G,SNCA,False,0.98575574,0.14528704,186,8107
chr4_89851700_A_C,SNCA,False,0.98575574,0.14740849,56,8107
chr12_40486279_C_T,LRRK2,False,0.98575574,0.09073949,165,9295
chr4_90041592_A_G,SNCA,False,0.98575574,0.12924886,169,8107
chr5_71187887_G_C,SMN1,False,0.98575574,0.1006937,3216,25718
chr12_40503001_G_A,LRRK2,False,0.98575574,0.2980113,372,18590
chr12_40020273_A_T,LRRK2,False,0.98575574,0.7494862,274,9691
chr4_90083276_A_G,SNCA,False,0.98575574,0.14834213,292,8107
chr12_40612495_T_A,LRRK2,False,0.98575574,0.21227503,500,17798
chr5_71000536_A_T,SMN1,False,0.98575574,0.0944314,846,25718
chr5_71081258_G_A,SMN1,False,0.98575574,0.12842035,1004,25718
chr12_40356669_G_A,LRRK2,True,0.98575574,0.5924678,112,8899
chr4_3353811_C_T,HTT,False,0.9854257,0.25087452,516,28886
chr4_90146923_A_G,SNCA,False,0.9854257,0.15737867,638,8107
chr12_40680909_G_A,LRRK2,False,0.9854257,0.16159725,488,17006
chr12_40737845_G_T,LRRK2,False,0.9854257,0.082206726,362,16214
chr4_89951012_T_G,SNCA,False,0.9854257,0.13426971,413,8107
chr12_40445719_T_C,LRRK2,False,0.9854257,0.087705374,112,8899
chr12_39990100_C_G,LRRK2,False,0.9854257,0.060011387,102,10087
chr4_89514332_G_A,SNCA,False,0.9854257,0.056955338,244,9295
chr12_40468829_T_G,LRRK2,False,0.9854257,0.18241596,243,9295
chr12_40751791_G_A,LRRK2,False,0.9854257,1.0090675,674,15422
chr4_89761420_A_G,SNCA,True,0.9854257,0.5027077,31,8107
chr4_90087686_A_C,SNCA,False,0.9854257,0.10617828,374,8107
chr12_40116550_C_T,LRRK2,False,0.9854257,0.13832283,148,9691
chr4_89764667_A_G,SNCA,True,0.9854257,0.17815542,58,8107
chr4_2859363_G_A,HTT,False,0.9850881,0.10920906,344,28886
chr12_40387856_T_C,LRRK2,False,0.9850881,0.12710094,95,8899
chr12_40662077_T_A,LRRK2,False,0.9850881,0.12912464,220,17006
chr12_40161057_C_T,LRRK2,False,0.9850881,0.10357237,38,8503
chr4_90086194_A_T,SNCA,False,0.9850881,0.03916025,73,8107
chr4_90132834_G_C,SNCA,False,0.9850881,0.03086114,79,8107
chr12_40541242_T_C,LRRK2,False,0.9850881,0.04932785,298,18590
chr5_71187629_C_G,SMN1,False,0.9847427,0.12336087,1186,25718
chr12_40146799_T_A,LRRK2,False,0.9847427,0.10603809,92,8899
chr12_40149092_C_T,LRRK2,False,0.9847427,0.3804803,49,8899
chr12_40737713_T_C,LRRK2,False,0.9847427,0.16925621,898,16214
chr4_2916490_G_A,HTT,False,0.9847427,0.18144512,492,28886
chr12_40622888_G_T,LRRK2,False,0.9847427,0.32799006,1012,17798
chr4_3265133_C_T,HTT,False,0.9847427,0.2803738,232,29678
chr4_3266919_A_G,HTT,False,0.9847427,0.09056568,138,29678
chr4_90167322_T_C,SNCA,False,0.9847427,0.13378,665,8503
chr4_90089769_A_C,SNCA,False,0.9847427,0.19619656,120,8107
chr12_40536907_G_C,LRRK2,False,0.9847427,0.07551861,328,18590
chr12_40689080_C_T,LRRK2,False,0.98438936,0.41201472,150,17006
chr12_40131764_G_C,LRRK2,False,0.98438936,0.08286095,103,9691
chr4_89709663_C_T,SNCA,False,0.98438936,0.08383298,15,8107
chr4_90276255_C_T,SNCA,False,0.98438936,0.124106884,58,6523
chr12_40699596_A_G,LRRK2,False,0.98438936,0.06157732,260,17006
chr4_2768709_A_G,HTT,False,0.98438936,0.098288536,632,29678
chr12_40459826_G_A,LRRK2,False,0.98438936,0.1337986,79,9295
chr12_40150837_C_G,LRRK2,False,0.98438936,0.28499603,129,8503
chr12_40080730_T_C,LRRK2,False,0.98438936,0.076966286,47,9691
chr12_40450865_A_C,LRRK2,False,0.98438936,0.18568194,124,8899
chr4_89315152_G_A,SNCA,False,0.98438936,0.058532715,223,8503
chr12_40620889_C_T,LRRK2,False,0.98438936,0.056280613,206,17798
chr5_71123879_A_T,SMN1,False,0.9840279,0.040317535,160,25718
chr12_40569337_G_A,LRRK2,False,0.9840279,0.15782261,232,18590
chr12_40578988_A_G,LRRK2,False,0.9840279,0.08344054,292,18590
chr12_40256173_G_A,LRRK2,True,0.9840279,0.18329859,82,9295
chr12_40004913_G_A,LRRK2,False,0.9840279,0.08853674,114,9691
chr4_90168815_A_G,SNCA,False,0.9840279,0.15935397,125,8503
chr4_89856317_G_C,SNCA,False,0.9836582,0.1529417,169,8107
chr12_40348899_C_T,LRRK2,True,0.9836582,0.06419897,44,8899
chr12_40810338_G_A,LRRK2,False,0.9836582,0.084052086,54,14630
chr12_40389346_A_G,LRRK2,False,0.9836582,0.12366772,87,8899
chr5_70460681_G_A,SMN1,False,0.98327994,0.09468365,1140,24926
chr12_40442471_T_C,LRRK2,False,0.98327994,0.13613701,296,8899
chr12_40442015_T_C,LRRK2,False,0.98327994,0.07687473,226,8899
chr12_40741590_C_T,LRRK2,False,0.98327994,0.18047118,180,16214
chr12_40118708_A_C,LRRK2,False,0.98327994,0.14259052,259,9691
chr12_40669987_A_T,LRRK2,False,0.98327994,0.08359349,736,17006
chr12_40658167_G_A,LRRK2,False,0.98327994,0.14379406,262,17006
chr4_89531009_C_T,SNCA,False,0.98327994,0.2535262,483,9295
chr12_40661178_C_G,LRRK2,False,0.98327994,0.040777683,300,17006
chr12_40607126_C_T,LRRK2,False,0.98327994,0.22848034,152,17798
chr12_40362670_C_A,LRRK2,True,0.98327994,0.5940242,181,8899
chr4_90298103_A_G,SNCA,False,0.98327994,0.52356195,185,6523
chr4_90020215_T_C,SNCA,False,0.98327994,0.16910326,403,8107
chr12_40635568_T_C,LRRK2,False,0.98289305,0.14846659,480,17006
chr4_89710565_G_A,SNCA,False,0.98289305,0.26596308,177,8107
chr4_90321315_T_G,SNCA,False,0.98289305,0.10398829,149,6919
chr4_90058531_A_G,SNCA,False,0.9824973,0.07844639,106,8107
chr12_40438734_G_C,LRRK2,False,0.9824973,0.1784575,283,8899
chr4_90168823_G_C,SNCA,False,0.9824973,0.31637812,222,8503
chr4_89826558_C_T,SNCA,True,0.9824973,0.16945457,66,8107
chr4_89974999_G_A,SNCA,False,0.9824973,0.44151592,245,8107
chr12_40580224_T_A,LRRK2,False,0.9824973,0.040283203,248,18590
chr4_89970614_G_A,SNCA,False,0.9824973,0.10610914,89,8107
chr4_90130537_T_C,SNCA,False,0.9824973,0.06034565,82,8107
chr12_40813035_T_C,LRRK2,False,0.9824973,0.07772827,100,13838
chr12_40489878_C_G,LRRK2,False,0.9824973,0.32994413,49,9295
chr12_39877373_T_C,LRRK2,False,0.9820924,0.153893,148,10483
chr12_40865690_T_A,LRRK2,False,0.9820924,0.044451,72,13838
chr4_90043433_C_T,SNCA,False,0.9820924,0.06886196,162,8107
chr12_40386502_T_A,LRRK2,False,0.9820924,0.15792894,21,8899
chr12_40408348_G_A,LRRK2,False,0.9820924,0.20136547,147,8899
chr12_40631645_C_A,LRRK2,False,0.9820924,0.15905905,182,17006
chr12_40724870_T_C,LRRK2,False,0.9820924,0.5534179,304,17006
chr4_89826824_G_C,SNCA,True,0.9820924,0.6005664,69,8107
chr4_89974381_C_T,SNCA,False,0.9820924,0.21319914,78,8107
chr12_40690264_T_C,LRRK2,False,0.9820924,0.10672808,490,17006
chr5_71157719_T_G,SMN1,False,0.98167825,0.06255102,702,25718
chr4_89709524_C_A,SNCA,False,0.98167825,0.123520374,59,8107
chr4_89963587_A_G,SNCA,False,0.98167825,0.07745123,89,8107
chr12_40759779_T_A,LRRK2,False,0.98167825,1.2497454,974,14630
chr5_71157802_T_G,SMN1,False,0.98167825,0.104743004,354,25718
chr12_40129496_G_A,LRRK2,False,0.98167825,0.5627067,103,9691
chr5_71002318_C_T,SMN1,False,0.98167825,0.11918831,828,25718
chr4_90333367_C_T,SNCA,False,0.98167825,0.107525826,73,6919
chr12_40591731_C_T,LRRK2,False,0.98125464,0.12315941,452,18590
chr4_89824305_A_C,SNCA,True,0.98125464,0.11021185,103,8107
chr5_71009027_A_G,SMN1,False,0.98125464,0.042475224,110,25718
chr12_40634800_G_C,LRRK2,False,0.98125464,0.12905598,322,17006
chr12_40017316_T_C,LRRK2,False,0.98125464,0.19326842,151,9691
chr12_40607731_T_A,LRRK2,False,0.98125464,0.033503532,270,17798
chr4_90167918_G_A,SNCA,False,0.98125464,1.4915257,147,8503
chr4_90195311_G_A,SNCA,False,0.9808213,0.6627879,169,8503
chr12_40751137_G_C,LRRK2,False,0.9803781,0.09536195,156,15422
chr4_3510963_T_C,HTT,False,0.9803781,0.09535837,340,32054
chr4_90332204_C_T,SNCA,False,0.9799247,0.13063192,36,6919
chr12_40453118_T_C,LRRK2,False,0.9799247,0.05973625,86,8899
chr4_89813810_G_A,SNCA,True,0.97946095,0.08703184,179,8107
chr12_40452930_G_T,LRRK2,False,0.97946095,0.1978674,270,8899
chr12_40588810_C_G,LRRK2,False,0.97946095,0.06318951,216,18590
chr5_71002014_C_A,SMN1,False,0.97946095,0.16434908,262,25718
chr4_89738341_C_A,SNCA,True,0.97946095,0.1206131,114,8107
chr5_71277175_C_T,SMN1,False,0.97946095,0.07938886,142,26510
chr4_90051385_G_A,SNCA,False,0.97946095,0.10768318,86,8107
chr12_39895625_C_T,LRRK2,False,0.97898656,0.07488537,210,10483
chr4_89704947_G_C,SNCA,False,0.97898656,0.1372137,169,8107
chr12_40024826_A_G,LRRK2,False,0.97898656,0.080700636,130,9691
chr4_89514714_A_G,SNCA,False,0.97898656,0.10925245,103,9295
chr12_40118260_G_A,LRRK2,False,0.97898656,0.07868576,104,9691
chr12_40442783_C_T,LRRK2,False,0.97898656,0.09303379,106,8899
chr4_90096460_C_T,SNCA,False,0.97898656,0.08895588,33,8107
chr12_40146227_G_C,LRRK2,False,0.97898656,0.6257731,103,8899
chr12_40557803_G_A,LRRK2,False,0.97898656,0.114668846,108,18590
chr4_90260841_G_A,SNCA,False,0.9785014,0.21885109,75,7711
chr12_40584187_G_C,LRRK2,False,0.9785014,0.18560648,364,18590
chr12_40457847_G_A,LRRK2,False,0.9785014,0.27687883,144,9295
chr4_89978236_C_G,SNCA,False,0.9785014,0.14002466,70,8107
chr4_89961003_C_A,SNCA,False,0.9785014,0.110168934,80,8107
chr12_40353186_C_T,LRRK2,True,0.9780051,0.06769991,152,8899
chr12_40186638_G_A,LRRK2,False,0.9780051,0.6723881,89,8899
chr4_2873183_G_A,HTT,False,0.9780051,0.24837732,138,28886
chr12_40114362_A_T,LRRK2,False,0.9780051,0.15307426,123,9691
chr12_40604024_T_A,LRRK2,False,0.9774975,0.06368637,400,17798
chr12_40499264_C_T,LRRK2,False,0.97697836,0.09647274,186,18590
chr4_89966118_T_A,SNCA,False,0.97697836,0.07599437,73,8107
chr12_40098027_G_A,LRRK2,False,0.97697836,0.17206073,78,9691
chr5_71163172_C_G,SMN1,False,0.97697836,0.20502329,192,25718
chr12_40745022_C_T,LRRK2,False,0.97697836,0.12696171,100,16214
chr4_89527919_G_A,SNCA,False,0.9764474,0.14311981,55,9295
chr12_40265732_C_T,LRRK2,True,0.9764474,0.44557297,222,9295
chr12_40744848_T_A,LRRK2,False,0.9764474,0.10950112,178,16214
chr12_40468957_C_G,LRRK2,False,0.9764474,0.20850754,57,9295
chr12_40133593_A_G,LRRK2,False,0.9759043,0.6876545,169,9691
chr4_3025594_G_A,HTT,False,0.9759043,0.046839714,158,29678
chr4_89766776_G_A,SNCA,True,0.97534883,0.19705677,55,8107
chr12_40770618_C_A,LRRK2,False,0.97534883,0.12103319,174,14630
chr12_40447112_G_C,LRRK2,False,0.9747807,0.16246009,109,8899
chr12_40723036_G_C,LRRK2,False,0.9747807,0.116794825,170,17006
chr4_89833162_C_T,SNCA,True,0.9747807,0.053471565,53,7711
chr12_40457176_A_C,LRRK2,False,0.97419965,0.07628322,193,9295
chr12_40757793_A_G,LRRK2,False,0.97360545,0.14536381,274,14630
chr12_40670156_G_C,LRRK2,False,0.97360545,0.08549261,122,17006
chr12_40743122_A_T,LRRK2,False,0.97360545,0.08108091,112,16214
chr4_90298408_T_C,SNCA,False,0.9729977,0.08886433,71,6523
chr12_40597594_C_G,LRRK2,False,0.9729977,0.1495707,128,17798
chr12_40585670_C_T,LRRK2,False,0.9729977,0.17863607,112,18590
chr4_90060580_G_A,SNCA,False,0.97174054,0.11147547,39,8107
chr4_89970763_A_T,SNCA,False,0.9710905,0.038802624,33,8107
chr12_40448924_G_A,LRRK2,False,0.9704257,0.13995743,35,8899
chr4_89827981_A_T,SNCA,True,0.96905065,0.06882191,73,8107
chr12_40388290_C_G,LRRK2,False,0.96905065,0.066495895,140,8899
chr4_90034430_C_T,SNCA,False,0.96905065,0.08256483,48,8107
chr4_90276310_T_C,SNCA,False,0.96761274,0.10848594,66,6523
chr4_89970030_G_A,SNCA,False,0.96686935,0.09807086,237,8107
chr12_40161627_A_C,LRRK2,False,0.9637244,0.08588767,172,8503
chr4_90164326_T_A,SNCA,False,0.9637244,0.04742217,62,8503
chr4_89826379_C_T,SNCA,True,0.96289337,0.05746126,29,8107
chr12_40149319_C_T,LRRK2,False,0.96204376,0.08591056,14,8899
chr12_40622768_G_A,LRRK2,False,0.961175,0.089837074,90,17798
chr12_40167877_G_A,LRRK2,False,0.9593788,0.12826014,75,8503
chr12_40146102_C_G,LRRK2,False,0.9593788,0.06611681,49,8899
chr5_71190536_A_G,SMN1,False,0.9593788,0.06140089,34,25718
chr12_40782520_C_T,LRRK2,False,0.9584504,0.1522522,98,14630
chr12_40747058_T_G,LRRK2,False,0.95452464,0.05115962,146,16214
chr4_89854498_C_A,SNCA,False,0.95452464,0.21360016,20,8107
chr4_89961094_G_A,SNCA,False,0.95348793,0.123915195,54,8107
chr4_89766969_G_A,SNCA,True,0.95348793,0.08860803,44,8107
chr12_40749331_C_T,LRRK2,False,0.94555736,0.63829374,42,15422
chr4_89967286_C_T,SNCA,False,0.94045055,0.050024986,22,8107
